Date,Code,Open,High,Low,Close,UpperLimit,LowerLimit,Volume,TurnoverValue,AdjustmentFactor,AdjustmentOpen,AdjustmentHigh,AdjustmentLow,AdjustmentClose,AdjustmentVolume
2020-10-29,29820,153.0,155.0,152.0,155.0,0,0,140200.0,21550500.0,1.0,153.0,155.0,152.0,155.0,140200.0
2020-10-30,29820,156.0,156.0,153.0,153.0,0,0,83400.0,12842300.0,1.0,156.0,156.0,153.0,153.0,83400.0
2020-11-02,29820,153.0,155.0,152.0,153.0,0,0,91700.0,14040400.0,1.0,153.0,155.0,152.0,153.0,91700.0
2020-11-04,29820,154.0,155.0,153.0,154.0,0,0,71800.0,11046500.0,1.0,154.0,155.0,153.0,154.0,71800.0
2020-11-05,29820,154.0,154.0,153.0,154.0,0,0,48300.0,7413700.0,1.0,154.0,154.0,153.0,154.0,48300.0
2020-11-06,29820,154.0,155.0,153.0,155.0,0,0,58300.0,9010900.0,1.0,154.0,155.0,153.0,155.0,58300.0
2020-11-09,29820,156.0,156.0,154.0,155.0,0,0,73400.0,11360300.0,1.0,156.0,156.0,154.0,155.0,73400.0
2020-11-10,29820,155.0,156.0,154.0,155.0,0,0,86900.0,13462400.0,1.0,155.0,156.0,154.0,155.0,86900.0
2020-11-11,29820,156.0,156.0,155.0,156.0,0,0,76900.0,11980800.0,1.0,156.0,156.0,155.0,156.0,76900.0
2020-11-12,29820,155.0,156.0,154.0,155.0,0,0,135000.0,20918500.0,1.0,155.0,156.0,154.0,155.0,135000.0
2020-11-13,29820,154.0,155.0,154.0,154.0,0,0,46700.0,7200600.0,1.0,154.0,155.0,154.0,154.0,46700.0
2020-11-16,29820,155.0,155.0,153.0,155.0,0,0,82500.0,12737400.0,1.0,155.0,155.0,153.0,155.0,82500.0
2020-11-17,29820,155.0,156.0,154.0,156.0,0,0,83000.0,12876400.0,1.0,155.0,156.0,154.0,156.0,83000.0
2020-11-18,29820,154.0,155.0,154.0,155.0,0,0,44200.0,6822400.0,1.0,154.0,155.0,154.0,155.0,44200.0
2020-11-19,29820,154.0,155.0,154.0,154.0,0,0,50100.0,7721200.0,1.0,154.0,155.0,154.0,154.0,50100.0
2020-11-20,29820,154.0,155.0,154.0,154.0,0,0,57600.0,8883600.0,1.0,154.0,155.0,154.0,154.0,57600.0
2020-11-24,29820,154.0,156.0,154.0,155.0,0,0,115000.0,17833800.0,1.0,154.0,156.0,154.0,155.0,115000.0
2020-11-25,29820,156.0,156.0,154.0,154.0,0,0,57000.0,8833300.0,1.0,156.0,156.0,154.0,154.0,57000.0
2020-11-26,29820,154.0,155.0,154.0,155.0,0,0,37400.0,5783000.0,1.0,154.0,155.0,154.0,155.0,37400.0
2020-11-27,29820,154.0,156.0,154.0,156.0,0,0,112800.0,17520000.0,1.0,154.0,156.0,154.0,156.0,112800.0
2020-11-30,29820,155.0,156.0,155.0,155.0,0,0,74300.0,11538600.0,1.0,155.0,156.0,155.0,155.0,74300.0
2020-12-01,29820,157.0,157.0,156.0,156.0,0,0,129800.0,20358300.0,1.0,157.0,157.0,156.0,156.0,129800.0
2020-12-02,29820,156.0,157.0,156.0,157.0,0,0,169500.0,26575300.0,1.0,156.0,157.0,156.0,157.0,169500.0
2020-12-03,29820,157.0,158.0,156.0,158.0,0,0,83200.0,13080300.0,1.0,157.0,158.0,156.0,158.0,83200.0
2020-12-04,29820,158.0,158.0,156.0,158.0,0,0,97100.0,15275600.0,1.0,158.0,158.0,156.0,158.0,97100.0
2020-12-07,29820,157.0,159.0,157.0,157.0,0,0,149100.0,23517400.0,1.0,157.0,159.0,157.0,157.0,149100.0
2020-12-08,29820,158.0,159.0,157.0,157.0,0,0,111200.0,17555900.0,1.0,158.0,159.0,157.0,157.0,111200.0
2020-12-09,29820,157.0,158.0,156.0,158.0,0,0,158400.0,24857500.0,1.0,157.0,158.0,156.0,158.0,158400.0
2020-12-10,29820,157.0,160.0,157.0,160.0,0,0,124700.0,19805300.0,1.0,157.0,160.0,157.0,160.0,124700.0
2020-12-11,29820,160.0,161.0,159.0,161.0,0,0,112100.0,17934100.0,1.0,160.0,161.0,159.0,161.0,112100.0
2020-12-14,29820,161.0,164.0,161.0,164.0,0,0,211400.0,34355700.0,1.0,161.0,164.0,161.0,164.0,211400.0
2020-12-15,29820,164.0,165.0,164.0,164.0,0,0,134300.0,22086400.0,1.0,164.0,165.0,164.0,164.0,134300.0
2020-12-16,29820,165.0,169.0,165.0,168.0,0,0,398800.0,66675900.0,1.0,165.0,169.0,165.0,168.0,398800.0
2020-12-17,29820,169.0,174.0,168.0,169.0,0,0,646400.0,109918700.0,1.0,169.0,174.0,168.0,169.0,646400.0
2020-12-18,29820,172.0,172.0,166.0,166.0,0,0,308300.0,52291800.0,1.0,172.0,172.0,166.0,166.0,308300.0
2020-12-21,29820,166.0,166.0,161.0,161.0,0,0,407300.0,66879200.0,1.0,166.0,166.0,161.0,161.0,407300.0
2020-12-22,29820,164.0,165.0,159.0,159.0,0,0,637200.0,103729800.0,1.0,164.0,165.0,159.0,159.0,637200.0
2020-12-23,29820,160.0,160.0,158.0,160.0,0,0,600200.0,95737300.0,1.0,160.0,160.0,158.0,160.0,600200.0
2020-12-24,29820,160.0,162.0,159.0,161.0,0,0,406300.0,65072700.0,1.0,160.0,162.0,159.0,161.0,406300.0
2020-12-25,29820,160.0,161.0,159.0,161.0,0,0,352800.0,56298800.0,1.0,160.0,161.0,159.0,161.0,352800.0
2020-12-28,29820,162.0,162.0,159.0,161.0,0,0,1387800.0,223604100.0,1.0,162.0,162.0,159.0,161.0,1387800.0
2020-12-29,29820,157.0,160.0,156.0,158.0,0,0,870700.0,137206200.0,1.0,157.0,160.0,156.0,158.0,870700.0
2020-12-30,29820,158.0,159.0,157.0,157.0,0,0,201000.0,31689100.0,1.0,158.0,159.0,157.0,157.0,201000.0
2021-01-04,29820,157.0,158.0,153.0,155.0,0,0,295300.0,45749700.0,1.0,157.0,158.0,153.0,155.0,295300.0
2021-01-05,29820,153.0,154.0,152.0,153.0,0,0,148800.0,22789500.0,1.0,153.0,154.0,152.0,153.0,148800.0
2021-01-06,29820,153.0,154.0,150.0,152.0,0,0,337100.0,51180900.0,1.0,153.0,154.0,150.0,152.0,337100.0
2021-01-07,29820,153.0,158.0,152.0,153.0,0,0,427100.0,65901200.0,1.0,153.0,158.0,152.0,153.0,427100.0
2021-01-08,29820,154.0,155.0,153.0,155.0,0,0,103100.0,15906200.0,1.0,154.0,155.0,153.0,155.0,103100.0
2021-01-12,29820,155.0,156.0,154.0,155.0,0,0,96800.0,14983900.0,1.0,155.0,156.0,154.0,155.0,96800.0
2021-01-13,29820,156.0,156.0,155.0,156.0,0,0,75700.0,11781000.0,1.0,156.0,156.0,155.0,156.0,75700.0
2021-01-14,29820,155.0,156.0,155.0,155.0,0,0,108600.0,16848400.0,1.0,155.0,156.0,155.0,155.0,108600.0
2021-01-15,29820,155.0,155.0,152.0,152.0,0,0,192900.0,29554800.0,1.0,155.0,155.0,152.0,152.0,192900.0
2021-01-18,29820,153.0,154.0,152.0,152.0,0,0,72200.0,11032800.0,1.0,153.0,154.0,152.0,152.0,72200.0
2021-01-19,29820,153.0,154.0,152.0,153.0,0,0,97800.0,15010600.0,1.0,153.0,154.0,152.0,153.0,97800.0
2021-01-20,29820,154.0,154.0,153.0,154.0,0,0,49200.0,7556600.0,1.0,154.0,154.0,153.0,154.0,49200.0
2021-01-21,29820,154.0,156.0,153.0,156.0,0,0,81800.0,12671500.0,1.0,154.0,156.0,153.0,156.0,81800.0
2021-01-22,29820,155.0,156.0,155.0,155.0,0,0,83600.0,12995800.0,1.0,155.0,156.0,155.0,155.0,83600.0
2021-01-25,29820,155.0,157.0,155.0,156.0,0,0,79300.0,12367600.0,1.0,155.0,157.0,155.0,156.0,79300.0
2021-01-26,29820,156.0,157.0,155.0,156.0,0,0,62300.0,9708700.0,1.0,156.0,157.0,155.0,156.0,62300.0
2021-01-27,29820,157.0,157.0,156.0,156.0,0,0,51800.0,8095900.0,1.0,157.0,157.0,156.0,156.0,51800.0
2021-01-28,29820,155.0,158.0,154.0,158.0,0,0,195200.0,30662800.0,1.0,155.0,158.0,154.0,158.0,195200.0
2021-01-29,29820,157.0,158.0,156.0,156.0,0,0,70600.0,11049100.0,1.0,157.0,158.0,156.0,156.0,70600.0
2021-02-01,29820,156.0,157.0,156.0,156.0,0,0,83700.0,13095900.0,1.0,156.0,157.0,156.0,156.0,83700.0
2021-02-02,29820,157.0,158.0,156.0,157.0,0,0,84100.0,13192500.0,1.0,157.0,158.0,156.0,157.0,84100.0
2021-02-03,29820,157.0,158.0,156.0,157.0,0,0,132900.0,20882700.0,1.0,157.0,158.0,156.0,157.0,132900.0
2021-02-04,29820,157.0,158.0,156.0,158.0,0,0,74900.0,11785700.0,1.0,157.0,158.0,156.0,158.0,74900.0
2021-02-05,29820,158.0,158.0,157.0,158.0,0,0,113000.0,17847000.0,1.0,158.0,158.0,157.0,158.0,113000.0
2021-02-08,29820,158.0,159.0,157.0,158.0,0,0,226900.0,35894800.0,1.0,158.0,159.0,157.0,158.0,226900.0
2021-02-09,29820,158.0,158.0,156.0,157.0,0,0,146000.0,22978100.0,1.0,158.0,158.0,156.0,157.0,146000.0
2021-02-10,29820,157.0,157.0,156.0,157.0,0,0,72200.0,11323000.0,1.0,157.0,157.0,156.0,157.0,72200.0
2021-02-12,29820,157.0,158.0,156.0,157.0,0,0,143200.0,22483100.0,1.0,157.0,158.0,156.0,157.0,143200.0
2021-02-15,29820,157.0,158.0,156.0,156.0,0,0,93700.0,14708900.0,1.0,157.0,158.0,156.0,156.0,93700.0
2021-02-16,29820,157.0,158.0,156.0,157.0,0,0,89200.0,13974400.0,1.0,157.0,158.0,156.0,157.0,89200.0
2021-02-17,29820,156.0,158.0,156.0,158.0,0,0,111900.0,17562500.0,1.0,156.0,158.0,156.0,158.0,111900.0
2021-02-18,29820,158.0,158.0,157.0,157.0,0,0,95100.0,14939400.0,1.0,158.0,158.0,157.0,157.0,95100.0
2021-02-19,29820,158.0,158.0,156.0,156.0,0,0,188200.0,29488500.0,1.0,158.0,158.0,156.0,156.0,188200.0
2021-02-22,29820,157.0,158.0,156.0,157.0,0,0,161700.0,25387600.0,1.0,157.0,158.0,156.0,157.0,161700.0
2021-02-24,29820,157.0,159.0,157.0,157.0,0,0,152700.0,24078100.0,1.0,157.0,159.0,157.0,157.0,152700.0
2021-02-25,29820,158.0,161.0,157.0,160.0,0,0,312300.0,49801100.0,1.0,158.0,161.0,157.0,160.0,312300.0
2021-02-26,29820,158.0,159.0,156.0,156.0,0,0,288300.0,45370000.0,1.0,158.0,159.0,156.0,156.0,288300.0
2021-03-01,29820,158.0,159.0,158.0,158.0,0,0,54300.0,8587200.0,1.0,158.0,159.0,158.0,158.0,54300.0
2021-03-02,29820,159.0,159.0,157.0,157.0,0,0,118400.0,18690500.0,1.0,159.0,159.0,157.0,157.0,118400.0
2021-03-03,29820,158.0,159.0,157.0,157.0,0,0,95900.0,15119000.0,1.0,158.0,159.0,157.0,157.0,95900.0
2021-03-04,29820,157.0,158.0,156.0,158.0,0,0,106600.0,16709100.0,1.0,157.0,158.0,156.0,158.0,106600.0
2021-03-05,29820,156.0,157.0,155.0,157.0,0,0,139100.0,21723100.0,1.0,156.0,157.0,155.0,157.0,139100.0
2021-03-08,29820,158.0,158.0,156.0,156.0,0,0,84300.0,13215900.0,1.0,158.0,158.0,156.0,156.0,84300.0
2021-03-09,29820,157.0,158.0,157.0,158.0,0,0,51500.0,8116700.0,1.0,157.0,158.0,157.0,158.0,51500.0
2021-03-10,29820,158.0,158.0,157.0,158.0,0,0,60000.0,9451400.0,1.0,158.0,158.0,157.0,158.0,60000.0
2021-03-11,29820,158.0,159.0,157.0,159.0,0,0,157800.0,24994500.0,1.0,158.0,159.0,157.0,159.0,157800.0
2021-03-12,29820,159.0,161.0,158.0,161.0,0,0,270800.0,43322600.0,1.0,159.0,161.0,158.0,161.0,270800.0
2021-03-15,29820,161.0,163.0,160.0,162.0,0,0,293100.0,47364100.0,1.0,161.0,163.0,160.0,162.0,293100.0
2021-03-16,29820,162.0,163.0,161.0,163.0,0,0,129300.0,20958500.0,1.0,162.0,163.0,161.0,163.0,129300.0
2021-03-17,29820,163.0,163.0,161.0,163.0,0,0,117200.0,19038900.0,1.0,163.0,163.0,161.0,163.0,117200.0
2021-03-18,29820,162.0,165.0,162.0,164.0,0,0,196400.0,32092700.0,1.0,162.0,165.0,162.0,164.0,196400.0
2021-03-19,29820,163.0,165.0,162.0,165.0,0,0,164200.0,26859700.0,1.0,163.0,165.0,162.0,165.0,164200.0
2021-03-22,29820,164.0,165.0,162.0,165.0,0,0,255600.0,41899900.0,1.0,164.0,165.0,162.0,165.0,255600.0
2021-03-23,29820,164.0,165.0,163.0,163.0,0,0,189100.0,30932100.0,1.0,164.0,165.0,163.0,163.0,189100.0
2021-03-24,29820,163.0,163.0,159.0,159.0,0,0,306200.0,49211400.0,1.0,163.0,163.0,159.0,159.0,306200.0
2021-03-25,29820,160.0,162.0,160.0,162.0,0,0,176000.0,28362600.0,1.0,160.0,162.0,160.0,162.0,176000.0
2021-03-26,29820,161.0,163.0,161.0,162.0,0,0,113300.0,18330000.0,1.0,161.0,163.0,161.0,162.0,113300.0
2021-03-29,29820,163.0,163.0,161.0,163.0,0,0,216600.0,35185700.0,1.0,163.0,163.0,161.0,163.0,216600.0
2021-03-30,29820,161.0,165.0,161.0,165.0,0,0,472700.0,76948400.0,1.0,161.0,165.0,161.0,165.0,472700.0
2021-03-31,29820,165.0,167.0,165.0,165.0,0,0,170700.0,28290700.0,1.0,165.0,167.0,165.0,165.0,170700.0
2021-04-01,29820,168.0,171.0,166.0,167.0,0,0,561200.0,94416400.0,1.0,168.0,171.0,166.0,167.0,561200.0
2021-04-02,29820,168.0,169.0,165.0,166.0,0,0,252300.0,42230800.0,1.0,168.0,169.0,165.0,166.0,252300.0
2021-04-05,29820,166.0,167.0,166.0,167.0,0,0,205400.0,34150300.0,1.0,166.0,167.0,166.0,167.0,205400.0
2021-04-06,29820,167.0,167.0,163.0,165.0,0,0,208800.0,34499600.0,1.0,167.0,167.0,163.0,165.0,208800.0
2021-04-07,29820,164.0,166.0,164.0,166.0,0,0,131300.0,21635300.0,1.0,164.0,166.0,164.0,166.0,131300.0
2021-04-08,29820,165.0,165.0,164.0,164.0,0,0,142300.0,23368900.0,1.0,165.0,165.0,164.0,164.0,142300.0
2021-04-09,29820,164.0,165.0,163.0,163.0,0,0,159200.0,26103400.0,1.0,164.0,165.0,163.0,163.0,159200.0
2021-04-12,29820,165.0,165.0,163.0,164.0,0,0,118400.0,19438500.0,1.0,165.0,165.0,163.0,164.0,118400.0
2021-04-13,29820,163.0,165.0,163.0,165.0,0,0,41100.0,6750300.0,1.0,163.0,165.0,163.0,165.0,41100.0
2021-04-14,29820,165.0,165.0,162.0,162.0,0,0,144600.0,23578400.0,1.0,165.0,165.0,162.0,162.0,144600.0
2021-04-15,29820,162.0,163.0,162.0,163.0,0,0,42700.0,6942000.0,1.0,162.0,163.0,162.0,163.0,42700.0
2021-04-16,29820,162.0,163.0,161.0,161.0,0,0,110600.0,17890500.0,1.0,162.0,163.0,161.0,161.0,110600.0
2021-04-19,29820,162.0,162.0,160.0,161.0,0,0,136400.0,21941900.0,1.0,162.0,162.0,160.0,161.0,136400.0
2021-04-20,29820,160.0,161.0,159.0,159.0,0,0,124600.0,19922700.0,1.0,160.0,161.0,159.0,159.0,124600.0
2021-04-21,29820,159.0,159.0,158.0,158.0,0,0,112000.0,17735100.0,1.0,159.0,159.0,158.0,158.0,112000.0
2021-04-22,29820,158.0,160.0,158.0,158.0,0,0,61000.0,9686700.0,1.0,158.0,160.0,158.0,158.0,61000.0
2021-04-23,29820,159.0,161.0,158.0,159.0,0,0,52000.0,8296600.0,1.0,159.0,161.0,158.0,159.0,52000.0
2021-04-26,29820,161.0,161.0,159.0,159.0,0,0,93900.0,15033100.0,1.0,161.0,161.0,159.0,159.0,93900.0
2021-04-27,29820,160.0,161.0,159.0,161.0,0,0,60900.0,9772100.0,1.0,160.0,161.0,159.0,161.0,60900.0
2021-04-28,29820,162.0,163.0,160.0,163.0,0,0,157000.0,25446600.0,1.0,162.0,163.0,160.0,163.0,157000.0
2021-04-30,29820,163.0,164.0,162.0,162.0,0,0,122800.0,20003300.0,1.0,163.0,164.0,162.0,162.0,122800.0
2021-05-06,29820,162.0,164.0,162.0,162.0,0,0,77100.0,12541500.0,1.0,162.0,164.0,162.0,162.0,77100.0
2021-05-07,29820,163.0,164.0,162.0,163.0,0,0,110400.0,18039800.0,1.0,163.0,164.0,162.0,163.0,110400.0
2021-05-10,29820,164.0,165.0,163.0,163.0,0,0,137000.0,22459500.0,1.0,164.0,165.0,163.0,163.0,137000.0
2021-05-11,29820,163.0,163.0,161.0,161.0,0,0,107100.0,17341600.0,1.0,163.0,163.0,161.0,161.0,107100.0
2021-05-12,29820,161.0,162.0,160.0,160.0,0,0,139900.0,22509600.0,1.0,161.0,162.0,160.0,160.0,139900.0
2021-05-13,29820,160.0,161.0,160.0,160.0,0,0,89000.0,14276500.0,1.0,160.0,161.0,160.0,160.0,89000.0
2021-05-14,29820,162.0,163.0,161.0,161.0,0,0,102000.0,16503300.0,1.0,162.0,163.0,161.0,161.0,102000.0
2021-05-17,29820,161.0,163.0,161.0,161.0,0,0,78700.0,12732900.0,1.0,161.0,163.0,161.0,161.0,78700.0
2021-05-18,29820,162.0,163.0,161.0,162.0,0,0,104400.0,16917400.0,1.0,162.0,163.0,161.0,162.0,104400.0
2021-05-19,29820,162.0,163.0,161.0,161.0,0,0,90000.0,14558900.0,1.0,162.0,163.0,161.0,161.0,90000.0
2021-05-20,29820,162.0,163.0,161.0,161.0,0,0,70000.0,11326400.0,1.0,162.0,163.0,161.0,161.0,70000.0
2021-05-21,29820,162.0,163.0,161.0,162.0,0,0,120600.0,19545200.0,1.0,162.0,163.0,161.0,162.0,120600.0
2021-05-24,29820,162.0,163.0,162.0,162.0,0,0,56000.0,9098800.0,1.0,162.0,163.0,162.0,162.0,56000.0
2021-05-25,29820,162.0,163.0,161.0,161.0,0,0,132000.0,21394800.0,1.0,162.0,163.0,161.0,161.0,132000.0
2021-05-26,29820,162.0,162.0,161.0,162.0,0,0,66100.0,10674400.0,1.0,162.0,162.0,161.0,162.0,66100.0
2021-05-27,29820,161.0,162.0,161.0,161.0,0,0,32800.0,5282200.0,1.0,161.0,162.0,161.0,161.0,32800.0
2021-05-28,29820,161.0,163.0,160.0,163.0,0,0,215200.0,34775500.0,1.0,161.0,163.0,160.0,163.0,215200.0
2021-05-31,29820,163.0,163.0,162.0,162.0,0,0,67500.0,10983800.0,1.0,163.0,163.0,162.0,162.0,67500.0
2021-06-01,29820,168.0,170.0,165.0,168.0,0,0,976600.0,163586600.0,1.0,168.0,170.0,165.0,168.0,976600.0
2021-06-02,29820,171.0,175.0,163.0,166.0,0,0,1072200.0,180708000.0,1.0,171.0,175.0,163.0,166.0,1072200.0
2021-06-03,29820,164.0,166.0,163.0,165.0,0,0,322300.0,52914700.0,1.0,164.0,166.0,163.0,165.0,322300.0
2021-06-04,29820,164.0,166.0,163.0,166.0,0,0,213000.0,35087600.0,1.0,164.0,166.0,163.0,166.0,213000.0
2021-06-07,29820,165.0,168.0,165.0,167.0,0,0,218700.0,36502200.0,1.0,165.0,168.0,165.0,167.0,218700.0
2021-06-08,29820,168.0,168.0,166.0,167.0,0,0,236100.0,39490300.0,1.0,168.0,168.0,166.0,167.0,236100.0
2021-06-09,29820,168.0,169.0,163.0,164.0,0,0,531000.0,87963700.0,1.0,168.0,169.0,163.0,164.0,531000.0
2021-06-10,29820,165.0,167.0,164.0,167.0,0,0,231800.0,38362800.0,1.0,165.0,167.0,164.0,167.0,231800.0
2021-06-11,29820,167.0,167.0,165.0,165.0,0,0,247800.0,41119400.0,1.0,167.0,167.0,165.0,165.0,247800.0
2021-06-14,29820,166.0,167.0,165.0,167.0,0,0,172400.0,28593900.0,1.0,166.0,167.0,165.0,167.0,172400.0
2021-06-15,29820,167.0,169.0,166.0,166.0,0,0,354000.0,59334700.0,1.0,167.0,169.0,166.0,166.0,354000.0
2021-06-16,29820,168.0,169.0,166.0,168.0,0,0,306400.0,51469200.0,1.0,168.0,169.0,166.0,168.0,306400.0
2021-06-17,29820,168.0,169.0,168.0,169.0,0,0,112900.0,19036600.0,1.0,168.0,169.0,168.0,169.0,112900.0
2021-06-18,29820,169.0,170.0,166.0,168.0,0,0,316600.0,53293100.0,1.0,169.0,170.0,166.0,168.0,316600.0
2021-06-21,29820,167.0,167.0,164.0,165.0,0,0,426200.0,70633600.0,1.0,167.0,167.0,164.0,165.0,426200.0
2021-06-22,29820,167.0,167.0,166.0,167.0,0,0,317800.0,52941400.0,1.0,167.0,167.0,166.0,167.0,317800.0
2021-06-23,29820,166.0,167.0,165.0,166.0,0,0,327300.0,54317700.0,1.0,166.0,167.0,165.0,166.0,327300.0
2021-06-24,29820,165.0,166.0,165.0,165.0,0,0,329600.0,54428900.0,1.0,165.0,166.0,165.0,165.0,329600.0
2021-06-25,29820,165.0,165.0,163.0,164.0,0,0,676600.0,111243400.0,1.0,165.0,165.0,163.0,164.0,676600.0
2021-06-28,29820,165.0,165.0,162.0,164.0,0,0,2245400.0,368120000.0,1.0,165.0,165.0,162.0,164.0,2245400.0
2021-06-29,29820,159.0,161.0,159.0,160.0,0,0,753900.0,120220500.0,1.0,159.0,161.0,159.0,160.0,753900.0
2021-06-30,29820,162.0,162.0,159.0,159.0,0,0,296800.0,47535000.0,1.0,162.0,162.0,159.0,159.0,296800.0
2021-07-01,29820,161.0,161.0,159.0,159.0,0,0,130900.0,20923400.0,1.0,161.0,161.0,159.0,159.0,130900.0
2021-07-02,29820,160.0,160.0,159.0,159.0,0,0,138700.0,22133600.0,1.0,160.0,160.0,159.0,159.0,138700.0
2021-07-05,29820,161.0,161.0,159.0,159.0,0,0,92900.0,14882900.0,1.0,161.0,161.0,159.0,159.0,92900.0
2021-07-06,29820,160.0,160.0,159.0,159.0,0,0,111700.0,17810700.0,1.0,160.0,160.0,159.0,159.0,111700.0
2021-07-07,29820,159.0,161.0,159.0,161.0,0,0,194100.0,31029700.0,1.0,159.0,161.0,159.0,161.0,194100.0
2021-07-08,29820,159.0,160.0,158.0,158.0,0,0,197600.0,31326400.0,1.0,159.0,160.0,158.0,158.0,197600.0
2021-07-09,29820,158.0,158.0,155.0,157.0,0,0,370800.0,58024600.0,1.0,158.0,158.0,155.0,157.0,370800.0
2021-07-12,29820,159.0,159.0,155.0,157.0,0,0,298600.0,46696800.0,1.0,159.0,159.0,155.0,157.0,298600.0
2021-07-13,29820,157.0,157.0,156.0,157.0,0,0,91100.0,14246700.0,1.0,157.0,157.0,156.0,157.0,91100.0
2021-07-14,29820,156.0,158.0,156.0,157.0,0,0,126100.0,19771800.0,1.0,156.0,158.0,156.0,157.0,126100.0
2021-07-15,29820,157.0,157.0,156.0,156.0,0,0,103200.0,16147800.0,1.0,157.0,157.0,156.0,156.0,103200.0
2021-07-16,29820,156.0,158.0,156.0,157.0,0,0,96600.0,15155600.0,1.0,156.0,158.0,156.0,157.0,96600.0
2021-07-19,29820,156.0,157.0,155.0,155.0,0,0,137100.0,21361300.0,1.0,156.0,157.0,155.0,155.0,137100.0
2021-07-20,29820,155.0,155.0,154.0,154.0,0,0,150200.0,23227600.0,1.0,155.0,155.0,154.0,154.0,150200.0
2021-07-21,29820,154.0,157.0,154.0,156.0,0,0,152600.0,23761100.0,1.0,154.0,157.0,154.0,156.0,152600.0
2021-07-26,29820,156.0,157.0,156.0,157.0,0,0,54100.0,8465100.0,1.0,156.0,157.0,156.0,157.0,54100.0
2021-07-27,29820,157.0,157.0,155.0,156.0,0,0,193400.0,30171400.0,1.0,157.0,157.0,155.0,156.0,193400.0
2021-07-28,29820,155.0,157.0,155.0,155.0,0,0,97200.0,15136800.0,1.0,155.0,157.0,155.0,155.0,97200.0
2021-07-29,29820,157.0,158.0,155.0,158.0,0,0,220600.0,34721000.0,1.0,157.0,158.0,155.0,158.0,220600.0
2021-07-30,29820,157.0,157.0,155.0,155.0,0,0,82600.0,12890700.0,1.0,157.0,157.0,155.0,155.0,82600.0
2021-08-02,29820,155.0,157.0,155.0,157.0,0,0,80900.0,12651400.0,1.0,155.0,157.0,155.0,157.0,80900.0
2021-08-03,29820,157.0,157.0,156.0,156.0,0,0,44300.0,6936100.0,1.0,157.0,157.0,156.0,156.0,44300.0
2021-08-04,29820,156.0,157.0,155.0,155.0,0,0,119100.0,18499900.0,1.0,156.0,157.0,155.0,155.0,119100.0
2021-08-05,29820,155.0,156.0,154.0,154.0,0,0,104100.0,16133700.0,1.0,155.0,156.0,154.0,154.0,104100.0
2021-08-06,29820,155.0,156.0,155.0,155.0,0,0,73900.0,11482700.0,1.0,155.0,156.0,155.0,155.0,73900.0
2021-08-10,29820,155.0,156.0,154.0,156.0,0,0,143800.0,22303600.0,1.0,155.0,156.0,154.0,156.0,143800.0
2021-08-11,29820,156.0,156.0,155.0,156.0,0,0,61100.0,9516300.0,1.0,156.0,156.0,155.0,156.0,61100.0
2021-08-12,29820,156.0,157.0,155.0,155.0,0,0,145500.0,22669600.0,1.0,156.0,157.0,155.0,155.0,145500.0
2021-08-13,29820,156.0,156.0,155.0,156.0,0,0,261000.0,40564900.0,1.0,156.0,156.0,155.0,156.0,261000.0
2021-08-16,29820,155.0,155.0,154.0,154.0,0,0,100600.0,15562200.0,1.0,155.0,155.0,154.0,154.0,100600.0
2021-08-17,29820,154.0,155.0,154.0,154.0,0,0,75200.0,11597400.0,1.0,154.0,155.0,154.0,154.0,75200.0
2021-08-18,29820,154.0,156.0,154.0,155.0,0,0,92300.0,14284700.0,1.0,154.0,156.0,154.0,155.0,92300.0
2021-08-19,29820,155.0,155.0,154.0,154.0,0,0,61600.0,9521800.0,1.0,155.0,155.0,154.0,154.0,61600.0
2021-08-20,29820,156.0,156.0,154.0,154.0,0,0,102200.0,15840300.0,1.0,156.0,156.0,154.0,154.0,102200.0
2021-08-23,29820,155.0,156.0,153.0,153.0,0,0,214700.0,33160100.0,1.0,155.0,156.0,153.0,153.0,214700.0
2021-08-24,29820,154.0,156.0,154.0,154.0,0,0,174100.0,26878000.0,1.0,154.0,156.0,154.0,154.0,174100.0
2021-08-25,29820,154.0,155.0,154.0,154.0,0,0,57900.0,8952000.0,1.0,154.0,155.0,154.0,154.0,57900.0
2021-08-26,29820,154.0,156.0,154.0,155.0,0,0,167800.0,25985500.0,1.0,154.0,156.0,154.0,155.0,167800.0
2021-08-27,29820,155.0,155.0,154.0,155.0,0,0,54400.0,8425200.0,1.0,155.0,155.0,154.0,155.0,54400.0
2021-08-30,29820,156.0,159.0,155.0,159.0,0,0,218900.0,34317900.0,1.0,156.0,159.0,155.0,159.0,218900.0
2021-08-31,29820,158.0,159.0,157.0,157.0,0,0,123600.0,19506200.0,1.0,158.0,159.0,157.0,157.0,123600.0
2021-09-01,29820,158.0,161.0,158.0,161.0,0,0,458000.0,73099700.0,1.0,158.0,161.0,158.0,161.0,458000.0
2021-09-02,29820,161.0,161.0,159.0,159.0,0,0,214200.0,34296900.0,1.0,161.0,161.0,159.0,159.0,214200.0
2021-09-03,29820,160.0,161.0,159.0,160.0,0,0,189500.0,30236300.0,1.0,160.0,161.0,159.0,160.0,189500.0
2021-09-06,29820,160.0,160.0,159.0,160.0,0,0,207600.0,33144400.0,1.0,160.0,160.0,159.0,160.0,207600.0
2021-09-07,29820,160.0,161.0,159.0,160.0,0,0,191000.0,30526500.0,1.0,160.0,161.0,159.0,160.0,191000.0
2021-09-08,29820,160.0,160.0,159.0,160.0,0,0,97600.0,15569100.0,1.0,160.0,160.0,159.0,160.0,97600.0
2021-09-09,29820,159.0,160.0,159.0,160.0,0,0,188600.0,30027000.0,1.0,159.0,160.0,159.0,160.0,188600.0
2021-09-10,29820,159.0,160.0,159.0,160.0,0,0,165400.0,26338600.0,1.0,159.0,160.0,159.0,160.0,165400.0
2021-09-13,29820,160.0,160.0,159.0,160.0,0,0,177400.0,28309500.0,1.0,160.0,160.0,159.0,160.0,177400.0
2021-09-14,29820,159.0,161.0,159.0,160.0,0,0,225700.0,36070700.0,1.0,159.0,161.0,159.0,160.0,225700.0
2021-09-15,29820,159.0,160.0,159.0,160.0,0,0,107500.0,17111900.0,1.0,159.0,160.0,159.0,160.0,107500.0
2021-09-16,29820,160.0,160.0,158.0,159.0,0,0,178400.0,28381100.0,1.0,160.0,160.0,158.0,159.0,178400.0
2021-09-17,29820,160.0,160.0,159.0,159.0,0,0,138300.0,22025200.0,1.0,160.0,160.0,159.0,159.0,138300.0
2021-09-21,29820,158.0,160.0,158.0,160.0,0,0,212200.0,33723500.0,1.0,158.0,160.0,158.0,160.0,212200.0
2021-09-22,29820,160.0,160.0,158.0,158.0,0,0,165300.0,26295000.0,1.0,160.0,160.0,158.0,158.0,165300.0
2021-09-24,29820,160.0,160.0,159.0,160.0,0,0,223300.0,35690800.0,1.0,160.0,160.0,159.0,160.0,223300.0
2021-09-27,29820,160.0,164.0,159.0,162.0,0,0,400100.0,64600300.0,1.0,160.0,164.0,159.0,162.0,400100.0
2021-09-28,29820,162.0,162.0,159.0,161.0,0,0,241200.0,38722800.0,1.0,162.0,162.0,159.0,161.0,241200.0
2021-09-29,29820,160.0,162.0,160.0,160.0,0,0,335700.0,53850500.0,1.0,160.0,162.0,160.0,160.0,335700.0
2021-09-30,29820,161.0,163.0,160.0,161.0,0,0,212700.0,34320900.0,1.0,161.0,163.0,160.0,161.0,212700.0
2021-10-01,29820,161.0,161.0,158.0,159.0,0,0,304900.0,48806300.0,1.0,161.0,161.0,158.0,159.0,304900.0
2021-10-04,29820,159.0,161.0,158.0,159.0,0,0,319700.0,50914700.0,1.0,159.0,161.0,158.0,159.0,319700.0
2021-10-05,29820,159.0,160.0,159.0,159.0,0,0,134700.0,21447000.0,1.0,159.0,160.0,159.0,159.0,134700.0
2021-10-06,29820,161.0,161.0,159.0,161.0,0,0,166000.0,26577400.0,1.0,161.0,161.0,159.0,161.0,166000.0
2021-10-07,29820,160.0,160.0,159.0,159.0,0,0,112900.0,18038300.0,1.0,160.0,160.0,159.0,159.0,112900.0
2021-10-08,29820,159.0,160.0,159.0,160.0,0,0,87200.0,13915900.0,1.0,159.0,160.0,159.0,160.0,87200.0
2021-10-11,29820,161.0,161.0,159.0,161.0,0,0,185500.0,29734000.0,1.0,161.0,161.0,159.0,161.0,185500.0
2021-10-12,29820,161.0,161.0,159.0,160.0,0,0,133200.0,21349800.0,1.0,161.0,161.0,159.0,160.0,133200.0
2021-10-13,29820,160.0,161.0,159.0,160.0,0,0,123600.0,19766200.0,1.0,160.0,161.0,159.0,160.0,123600.0
2021-10-14,29820,159.0,160.0,159.0,159.0,0,0,84300.0,13426100.0,1.0,159.0,160.0,159.0,159.0,84300.0
2021-10-15,29820,160.0,161.0,159.0,160.0,0,0,163100.0,26095200.0,1.0,160.0,161.0,159.0,160.0,163100.0
2021-10-18,29820,161.0,161.0,160.0,161.0,0,0,201900.0,32491500.0,1.0,161.0,161.0,160.0,161.0,201900.0
2021-10-19,29820,161.0,161.0,160.0,160.0,0,0,52000.0,8353300.0,1.0,161.0,161.0,160.0,160.0,52000.0
2021-10-20,29820,161.0,162.0,161.0,162.0,0,0,102500.0,16526000.0,1.0,161.0,162.0,161.0,162.0,102500.0
2021-10-21,29820,162.0,162.0,160.0,160.0,0,0,130800.0,21081400.0,1.0,162.0,162.0,160.0,160.0,130800.0
2021-10-22,29820,160.0,161.0,160.0,161.0,0,0,88600.0,14218700.0,1.0,160.0,161.0,160.0,161.0,88600.0
2021-10-25,29820,160.0,161.0,160.0,160.0,0,0,105000.0,16846200.0,1.0,160.0,161.0,160.0,160.0,105000.0
2021-10-26,29820,160.0,162.0,160.0,162.0,0,0,116700.0,18742800.0,1.0,160.0,162.0,160.0,162.0,116700.0
2021-10-27,29820,161.0,162.0,161.0,161.0,0,0,77000.0,12406500.0,1.0,161.0,162.0,161.0,161.0,77000.0
2021-10-28,29820,161.0,162.0,161.0,162.0,0,0,198200.0,32064900.0,1.0,161.0,162.0,161.0,162.0,198200.0
2021-10-29,29820,162.0,164.0,162.0,163.0,0,0,160300.0,26102700.0,1.0,162.0,164.0,162.0,163.0,160300.0
2021-11-01,29820,163.0,163.0,162.0,162.0,0,0,198300.0,32309300.0,1.0,163.0,163.0,162.0,162.0,198300.0
2021-11-02,29820,162.0,163.0,162.0,163.0,0,0,199300.0,32388000.0,1.0,162.0,163.0,162.0,163.0,199300.0
2021-11-04,29820,163.0,163.0,162.0,162.0,0,0,128900.0,20988300.0,1.0,163.0,163.0,162.0,162.0,128900.0
2021-11-05,29820,162.0,163.0,162.0,163.0,0,0,89900.0,14599000.0,1.0,162.0,163.0,162.0,163.0,89900.0
2021-11-08,29820,163.0,164.0,162.0,162.0,0,0,235300.0,38323900.0,1.0,163.0,164.0,162.0,162.0,235300.0
2021-11-09,29820,163.0,163.0,162.0,162.0,0,0,109800.0,17819400.0,1.0,163.0,163.0,162.0,162.0,109800.0
2021-11-10,29820,162.0,162.0,161.0,162.0,0,0,127300.0,20611700.0,1.0,162.0,162.0,161.0,162.0,127300.0
2021-11-11,29820,162.0,162.0,161.0,162.0,0,0,67100.0,10854200.0,1.0,162.0,162.0,161.0,162.0,67100.0
2021-11-12,29820,162.0,162.0,160.0,160.0,0,0,643100.0,103459100.0,1.0,162.0,162.0,160.0,160.0,643100.0
2021-11-15,29820,160.0,161.0,160.0,160.0,0,0,232100.0,37159500.0,1.0,160.0,161.0,160.0,160.0,232100.0
2021-11-16,29820,160.0,161.0,160.0,161.0,0,0,158700.0,25434500.0,1.0,160.0,161.0,160.0,161.0,158700.0
2021-11-17,29820,161.0,161.0,160.0,160.0,0,0,94300.0,15127400.0,1.0,161.0,161.0,160.0,160.0,94300.0
2021-11-18,29820,160.0,161.0,160.0,160.0,0,0,100000.0,16015700.0,1.0,160.0,161.0,160.0,160.0,100000.0
2021-11-19,29820,161.0,161.0,159.0,160.0,0,0,457900.0,73513800.0,1.0,161.0,161.0,159.0,160.0,457900.0
2021-11-22,29820,159.0,160.0,159.0,160.0,0,0,56900.0,9067600.0,1.0,159.0,160.0,159.0,160.0,56900.0
2021-11-24,29820,160.0,160.0,159.0,159.0,0,0,45200.0,7211100.0,1.0,160.0,160.0,159.0,159.0,45200.0
2021-11-25,29820,159.0,160.0,159.0,159.0,0,0,146000.0,23221800.0,1.0,159.0,160.0,159.0,159.0,146000.0
2021-11-26,29820,159.0,160.0,158.0,158.0,0,0,202000.0,32087400.0,1.0,159.0,160.0,158.0,158.0,202000.0
2021-11-29,29820,158.0,159.0,156.0,157.0,0,0,339600.0,53491500.0,1.0,158.0,159.0,156.0,157.0,339600.0
2021-11-30,29820,158.0,159.0,157.0,157.0,0,0,173000.0,27290400.0,1.0,158.0,159.0,157.0,157.0,173000.0
2021-12-01,29820,157.0,158.0,156.0,158.0,0,0,119700.0,18823100.0,1.0,157.0,158.0,156.0,158.0,119700.0
2021-12-02,29820,156.0,158.0,156.0,156.0,0,0,150900.0,23662600.0,1.0,156.0,158.0,156.0,156.0,150900.0
2021-12-03,29820,157.0,158.0,156.0,158.0,0,0,123800.0,19468300.0,1.0,157.0,158.0,156.0,158.0,123800.0
2021-12-06,29820,158.0,158.0,157.0,157.0,0,0,113800.0,17924900.0,1.0,158.0,158.0,157.0,157.0,113800.0
2021-12-07,29820,158.0,159.0,157.0,159.0,0,0,150200.0,23752300.0,1.0,158.0,159.0,157.0,159.0,150200.0
2021-12-08,29820,159.0,160.0,158.0,158.0,0,0,215100.0,34165600.0,1.0,159.0,160.0,158.0,158.0,215100.0
2021-12-09,29820,160.0,160.0,158.0,160.0,0,0,135200.0,21573600.0,1.0,160.0,160.0,158.0,160.0,135200.0
2021-12-10,29820,160.0,160.0,158.0,159.0,0,0,114300.0,18192400.0,1.0,160.0,160.0,158.0,159.0,114300.0
2021-12-13,29820,160.0,160.0,157.0,157.0,0,0,294000.0,46536900.0,1.0,160.0,160.0,157.0,157.0,294000.0
2021-12-14,29820,158.0,158.0,156.0,157.0,0,0,265400.0,41702800.0,1.0,158.0,158.0,156.0,157.0,265400.0
2021-12-15,29820,158.0,158.0,156.0,156.0,0,0,335700.0,52513200.0,1.0,158.0,158.0,156.0,156.0,335700.0
2021-12-16,29820,157.0,157.0,156.0,157.0,0,0,202400.0,31674600.0,1.0,157.0,157.0,156.0,157.0,202400.0
2021-12-17,29820,156.0,157.0,155.0,155.0,0,0,234800.0,36604200.0,1.0,156.0,157.0,155.0,155.0,234800.0
2021-12-20,29820,155.0,156.0,154.0,154.0,0,0,297300.0,46092400.0,1.0,155.0,156.0,154.0,154.0,297300.0
2021-12-21,29820,155.0,155.0,153.0,155.0,0,0,452800.0,69904200.0,1.0,155.0,155.0,153.0,155.0,452800.0
2021-12-22,29820,154.0,156.0,154.0,156.0,0,0,194900.0,30181600.0,1.0,154.0,156.0,154.0,156.0,194900.0
2021-12-23,29820,155.0,156.0,155.0,156.0,0,0,167300.0,25985300.0,1.0,155.0,156.0,155.0,156.0,167300.0
2021-12-24,29820,156.0,156.0,155.0,156.0,0,0,227700.0,35438500.0,1.0,156.0,156.0,155.0,156.0,227700.0
2021-12-27,29820,156.0,156.0,153.0,154.0,0,0,902900.0,139413300.0,1.0,156.0,156.0,153.0,154.0,902900.0
2021-12-28,29820,154.0,155.0,150.0,153.0,0,0,1848700.0,282206000.0,1.0,154.0,155.0,150.0,153.0,1848700.0
2021-12-29,29820,145.0,150.0,144.0,149.0,0,0,909200.0,133333200.0,1.0,145.0,150.0,144.0,149.0,909200.0
2021-12-30,29820,149.0,149.0,147.0,147.0,0,0,284500.0,42107800.0,1.0,149.0,149.0,147.0,147.0,284500.0
2022-01-04,29820,148.0,149.0,147.0,148.0,0,0,264800.0,39078500.0,1.0,148.0,149.0,147.0,148.0,264800.0
2022-01-05,29820,148.0,149.0,147.0,147.0,0,0,153200.0,22665100.0,1.0,148.0,149.0,147.0,147.0,153200.0
2022-01-06,29820,147.0,148.0,145.0,145.0,0,0,294400.0,43113900.0,1.0,147.0,148.0,145.0,145.0,294400.0
2022-01-07,29820,145.0,146.0,144.0,145.0,0,0,296100.0,42928800.0,1.0,145.0,146.0,144.0,145.0,296100.0
2022-01-11,29820,145.0,145.0,144.0,144.0,0,0,151200.0,21886000.0,1.0,145.0,145.0,144.0,144.0,151200.0
2022-01-12,29820,145.0,146.0,145.0,146.0,0,0,201000.0,29162100.0,1.0,145.0,146.0,145.0,146.0,201000.0
2022-01-13,29820,146.0,146.0,144.0,144.0,0,0,149400.0,21697400.0,1.0,146.0,146.0,144.0,144.0,149400.0
2022-01-14,29820,144.0,145.0,144.0,144.0,0,0,142500.0,20535200.0,1.0,144.0,145.0,144.0,144.0,142500.0
2022-01-17,29820,145.0,145.0,144.0,145.0,0,0,124600.0,18048400.0,1.0,145.0,145.0,144.0,145.0,124600.0
2022-01-18,29820,146.0,146.0,143.0,143.0,0,0,273600.0,39555600.0,1.0,146.0,146.0,143.0,143.0,273600.0
2022-01-19,29820,143.0,143.0,137.0,137.0,0,0,413500.0,57998100.0,1.0,143.0,143.0,137.0,137.0,413500.0
2022-01-20,29820,139.0,139.0,137.0,139.0,0,0,139700.0,19283500.0,1.0,139.0,139.0,137.0,139.0,139700.0
2022-01-21,29820,138.0,139.0,137.0,138.0,0,0,100600.0,13867200.0,1.0,138.0,139.0,137.0,138.0,100600.0
2022-01-24,29820,137.0,138.0,137.0,137.0,0,0,105500.0,14463700.0,1.0,137.0,138.0,137.0,137.0,105500.0
2022-01-25,29820,137.0,137.0,135.0,135.0,0,0,173300.0,23576400.0,1.0,137.0,137.0,135.0,135.0,173300.0
2022-01-26,29820,135.0,137.0,135.0,135.0,0,0,159300.0,21584100.0,1.0,135.0,137.0,135.0,135.0,159300.0
2022-01-27,29820,135.0,137.0,132.0,132.0,0,0,254400.0,34151800.0,1.0,135.0,137.0,132.0,132.0,254400.0
2022-01-28,29820,132.0,135.0,132.0,135.0,0,0,207500.0,27640300.0,1.0,132.0,135.0,132.0,135.0,207500.0
2022-01-31,29820,136.0,138.0,135.0,138.0,0,0,136400.0,18610300.0,1.0,136.0,138.0,135.0,138.0,136400.0
2022-02-01,29820,138.0,138.0,137.0,137.0,0,0,109000.0,15025900.0,1.0,138.0,138.0,137.0,137.0,109000.0
2022-02-02,29820,137.0,139.0,137.0,139.0,0,0,74800.0,10346800.0,1.0,137.0,139.0,137.0,139.0,74800.0
2022-02-03,29820,139.0,139.0,138.0,139.0,0,0,119100.0,16489500.0,1.0,139.0,139.0,138.0,139.0,119100.0
2022-02-04,29820,139.0,140.0,138.0,140.0,0,0,109300.0,15205000.0,1.0,139.0,140.0,138.0,140.0,109300.0
2022-02-07,29820,140.0,140.0,139.0,140.0,0,0,51600.0,7219400.0,1.0,140.0,140.0,139.0,140.0,51600.0
2022-02-08,29820,140.0,142.0,140.0,142.0,0,0,89400.0,12620200.0,1.0,140.0,142.0,140.0,142.0,89400.0
2022-02-09,29820,142.0,142.0,141.0,141.0,0,0,63300.0,8950800.0,1.0,142.0,142.0,141.0,141.0,63300.0
2022-02-10,29820,142.0,142.0,141.0,141.0,0,0,54000.0,7644600.0,1.0,142.0,142.0,141.0,141.0,54000.0
2022-02-14,29820,141.0,141.0,140.0,140.0,0,0,76800.0,10800200.0,1.0,141.0,141.0,140.0,140.0,76800.0
2022-02-15,29820,141.0,142.0,140.0,140.0,0,0,103200.0,14504300.0,1.0,141.0,142.0,140.0,140.0,103200.0
2022-02-16,29820,141.0,142.0,140.0,142.0,0,0,74500.0,10514700.0,1.0,141.0,142.0,140.0,142.0,74500.0
2022-02-17,29820,142.0,142.0,141.0,142.0,0,0,79100.0,11213700.0,1.0,142.0,142.0,141.0,142.0,79100.0
2022-02-18,29820,142.0,143.0,141.0,142.0,0,0,123900.0,17606100.0,1.0,142.0,143.0,141.0,142.0,123900.0
2022-02-21,29820,143.0,143.0,141.0,141.0,0,0,81900.0,11627300.0,1.0,143.0,143.0,141.0,141.0,81900.0
2022-02-22,29820,142.0,142.0,141.0,141.0,0,0,59400.0,8391600.0,1.0,142.0,142.0,141.0,141.0,59400.0
2022-02-24,29820,142.0,142.0,139.0,139.0,0,0,122400.0,17159700.0,1.0,142.0,142.0,139.0,139.0,122400.0
2022-02-25,29820,139.0,141.0,139.0,139.0,0,0,104000.0,14520600.0,1.0,139.0,141.0,139.0,139.0,104000.0
2022-02-28,29820,141.0,142.0,140.0,140.0,0,0,124100.0,17451200.0,1.0,141.0,142.0,140.0,140.0,124100.0
2022-03-01,29820,142.0,143.0,141.0,143.0,0,0,58600.0,8330200.0,1.0,142.0,143.0,141.0,143.0,58600.0
2022-03-02,29820,144.0,145.0,143.0,143.0,0,0,174200.0,25080700.0,1.0,144.0,145.0,143.0,143.0,174200.0
2022-03-03,29820,145.0,146.0,143.0,146.0,0,0,164900.0,23869600.0,1.0,145.0,146.0,143.0,146.0,164900.0
2022-03-04,29820,145.0,146.0,143.0,143.0,0,0,154000.0,22284100.0,1.0,145.0,146.0,143.0,143.0,154000.0
2022-03-07,29820,141.0,141.0,139.0,139.0,0,0,146200.0,20532100.0,1.0,141.0,141.0,139.0,139.0,146200.0
2022-03-08,29820,139.0,141.0,138.0,138.0,0,0,111100.0,15457300.0,1.0,139.0,141.0,138.0,138.0,111100.0
2022-03-09,29820,137.0,140.0,137.0,138.0,0,0,145900.0,20175900.0,1.0,137.0,140.0,137.0,138.0,145900.0
2022-03-10,29820,141.0,142.0,139.0,141.0,0,0,181100.0,25425500.0,1.0,141.0,142.0,139.0,141.0,181100.0
2022-03-11,29820,139.0,141.0,138.0,140.0,0,0,94900.0,13228800.0,1.0,139.0,141.0,138.0,140.0,94900.0
2022-03-14,29820,140.0,143.0,140.0,141.0,0,0,114100.0,16108700.0,1.0,140.0,143.0,140.0,141.0,114100.0
2022-03-15,29820,140.0,142.0,140.0,141.0,0,0,110300.0,15508000.0,1.0,140.0,142.0,140.0,141.0,110300.0
2022-03-16,29820,141.0,143.0,141.0,143.0,0,0,107200.0,15175200.0,1.0,141.0,143.0,141.0,143.0,107200.0
2022-03-17,29820,144.0,145.0,143.0,143.0,0,0,122300.0,17545700.0,1.0,144.0,145.0,143.0,143.0,122300.0
2022-03-18,29820,145.0,145.0,142.0,143.0,0,0,253100.0,36458700.0,1.0,145.0,145.0,142.0,143.0,253100.0
2022-03-22,29820,143.0,145.0,143.0,144.0,0,0,199100.0,28557500.0,1.0,143.0,145.0,143.0,144.0,199100.0
2022-03-23,29820,144.0,147.0,143.0,144.0,0,0,231200.0,33402100.0,1.0,144.0,147.0,143.0,144.0,231200.0
2022-03-24,29820,144.0,146.0,143.0,145.0,0,0,143600.0,20778300.0,1.0,144.0,146.0,143.0,145.0,143600.0
2022-03-25,29820,146.0,146.0,145.0,145.0,0,0,446100.0,65092800.0,1.0,146.0,146.0,145.0,145.0,446100.0
2022-03-28,29820,146.0,146.0,145.0,146.0,0,0,158700.0,23140900.0,1.0,146.0,146.0,145.0,146.0,158700.0
2022-03-29,29820,146.0,147.0,145.0,147.0,0,0,124700.0,18242800.0,1.0,146.0,147.0,145.0,147.0,124700.0
2022-03-30,29820,148.0,150.0,147.0,150.0,0,0,178700.0,26527400.0,1.0,148.0,150.0,147.0,150.0,178700.0
2022-03-31,29820,150.0,151.0,149.0,150.0,0,0,158600.0,23767300.0,1.0,150.0,151.0,149.0,150.0,158600.0
2022-04-01,29820,149.0,150.0,148.0,150.0,0,0,126300.0,18857500.0,1.0,149.0,150.0,148.0,150.0,126300.0
2022-04-04,29820,150.0,151.0,149.0,151.0,0,0,95400.0,14296100.0,1.0,150.0,151.0,149.0,151.0,95400.0
2022-04-05,29820,151.0,152.0,150.0,151.0,0,0,114800.0,17316300.0,1.0,151.0,152.0,150.0,151.0,114800.0
2022-04-06,29820,150.0,151.0,150.0,150.0,0,0,93000.0,13968400.0,1.0,150.0,151.0,150.0,150.0,93000.0
2022-04-07,29820,150.0,150.0,146.0,149.0,0,0,189000.0,28010300.0,1.0,150.0,150.0,146.0,149.0,189000.0
2022-04-08,29820,147.0,148.0,145.0,146.0,0,0,438200.0,64271000.0,1.0,147.0,148.0,145.0,146.0,438200.0
2022-04-11,29820,146.0,147.0,146.0,147.0,0,0,58400.0,8541900.0,1.0,146.0,147.0,146.0,147.0,58400.0
2022-04-12,29820,147.0,148.0,146.0,146.0,0,0,75000.0,11009400.0,1.0,147.0,148.0,146.0,146.0,75000.0
2022-04-13,29820,146.0,148.0,146.0,148.0,0,0,62100.0,9143700.0,1.0,146.0,148.0,146.0,148.0,62100.0
2022-04-14,29820,148.0,149.0,147.0,148.0,0,0,64700.0,9582500.0,1.0,148.0,149.0,147.0,148.0,64700.0
2022-04-15,29820,148.0,148.0,147.0,148.0,0,0,251500.0,37197100.0,1.0,148.0,148.0,147.0,148.0,251500.0
2022-04-18,29820,148.0,149.0,147.0,147.0,0,0,80700.0,11939100.0,1.0,148.0,149.0,147.0,147.0,80700.0
2022-04-19,29820,147.0,149.0,147.0,148.0,0,0,74300.0,10962700.0,1.0,147.0,149.0,147.0,148.0,74300.0
2022-04-20,29820,148.0,149.0,148.0,149.0,0,0,55700.0,8262400.0,1.0,148.0,149.0,148.0,149.0,55700.0
2022-04-21,29820,149.0,150.0,149.0,149.0,0,0,72800.0,10860400.0,1.0,149.0,150.0,149.0,149.0,72800.0
2022-04-22,29820,149.0,149.0,148.0,148.0,0,0,60500.0,8982900.0,1.0,149.0,149.0,148.0,148.0,60500.0
2022-04-25,29820,147.0,149.0,147.0,148.0,0,0,99500.0,14706500.0,1.0,147.0,149.0,147.0,148.0,99500.0
2022-04-26,29820,149.0,149.0,148.0,148.0,0,0,76300.0,11344400.0,1.0,149.0,149.0,148.0,148.0,76300.0
2022-04-27,29820,148.0,148.0,146.0,146.0,0,0,169000.0,24816100.0,1.0,148.0,148.0,146.0,146.0,169000.0
2022-04-28,29820,147.0,148.0,146.0,148.0,0,0,62900.0,9256400.0,1.0,147.0,148.0,146.0,148.0,62900.0
2022-05-02,29820,148.0,149.0,147.0,149.0,0,0,140500.0,20819100.0,1.0,148.0,149.0,147.0,149.0,140500.0
2022-05-06,29820,148.0,149.0,148.0,148.0,0,0,315300.0,46712100.0,1.0,148.0,149.0,148.0,148.0,315300.0
2022-05-09,29820,148.0,149.0,147.0,147.0,0,0,96100.0,14198800.0,1.0,148.0,149.0,147.0,147.0,96100.0
2022-05-10,29820,148.0,149.0,146.0,149.0,0,0,154800.0,22854600.0,1.0,148.0,149.0,146.0,149.0,154800.0
2022-05-11,29820,148.0,149.0,147.0,147.0,0,0,87700.0,12961800.0,1.0,148.0,149.0,147.0,147.0,87700.0
2022-05-12,29820,149.0,149.0,146.0,146.0,0,0,101600.0,15012700.0,1.0,149.0,149.0,146.0,146.0,101600.0
2022-05-13,29820,147.0,148.0,147.0,148.0,0,0,73900.0,10897800.0,1.0,147.0,148.0,147.0,148.0,73900.0
2022-05-16,29820,147.0,149.0,146.0,147.0,0,0,164700.0,24336600.0,1.0,147.0,149.0,146.0,147.0,164700.0
2022-05-17,29820,147.0,148.0,147.0,147.0,0,0,115700.0,17086400.0,1.0,147.0,148.0,147.0,147.0,115700.0
2022-05-18,29820,147.0,149.0,147.0,149.0,0,0,155000.0,22917300.0,1.0,147.0,149.0,147.0,149.0,155000.0
2022-05-19,29820,148.0,149.0,147.0,148.0,0,0,113400.0,16798500.0,1.0,148.0,149.0,147.0,148.0,113400.0
2022-05-20,29820,148.0,149.0,147.0,149.0,0,0,99100.0,14699900.0,1.0,148.0,149.0,147.0,149.0,99100.0
2022-05-23,29820,149.0,151.0,148.0,151.0,0,0,254800.0,38207300.0,1.0,149.0,151.0,148.0,151.0,254800.0
2022-05-24,29820,151.0,151.0,149.0,149.0,0,0,88600.0,13289800.0,1.0,151.0,151.0,149.0,149.0,88600.0
2022-05-25,29820,150.0,150.0,149.0,149.0,0,0,95200.0,14260200.0,1.0,150.0,150.0,149.0,149.0,95200.0
2022-05-26,29820,150.0,151.0,149.0,149.0,0,0,184700.0,27699600.0,1.0,150.0,151.0,149.0,149.0,184700.0
2022-05-27,29820,151.0,152.0,149.0,152.0,0,0,286600.0,43262300.0,1.0,151.0,152.0,149.0,152.0,286600.0
2022-05-30,29820,152.0,152.0,150.0,150.0,0,0,305700.0,46173500.0,1.0,152.0,152.0,150.0,150.0,305700.0
2022-05-31,29820,152.0,153.0,150.0,150.0,0,0,162200.0,24547400.0,1.0,152.0,153.0,150.0,150.0,162200.0
2022-06-01,29820,152.0,153.0,151.0,153.0,0,0,249200.0,37866400.0,1.0,152.0,153.0,151.0,153.0,249200.0
2022-06-02,29820,153.0,154.0,152.0,153.0,0,0,147900.0,22671000.0,1.0,153.0,154.0,152.0,153.0,147900.0
2022-06-03,29820,154.0,155.0,153.0,155.0,0,0,168800.0,26049100.0,1.0,154.0,155.0,153.0,155.0,168800.0
2022-06-06,29820,155.0,157.0,155.0,156.0,0,0,278200.0,43328000.0,1.0,155.0,157.0,155.0,156.0,278200.0
2022-06-07,29820,157.0,157.0,155.0,156.0,0,0,172300.0,26886100.0,1.0,157.0,157.0,155.0,156.0,172300.0
2022-06-08,29820,156.0,157.0,155.0,155.0,0,0,279200.0,43528200.0,1.0,156.0,157.0,155.0,155.0,279200.0
2022-06-09,29820,156.0,156.0,154.0,155.0,0,0,254900.0,39659900.0,1.0,156.0,156.0,154.0,155.0,254900.0
2022-06-10,29820,154.0,156.0,154.0,154.0,0,0,176200.0,27208600.0,1.0,154.0,156.0,154.0,154.0,176200.0
2022-06-13,29820,153.0,154.0,153.0,153.0,0,0,229300.0,35187300.0,1.0,153.0,154.0,153.0,153.0,229300.0
2022-06-14,29820,153.0,154.0,152.0,153.0,0,0,139100.0,21284100.0,1.0,153.0,154.0,152.0,153.0,139100.0
2022-06-15,29820,154.0,155.0,153.0,153.0,0,0,107700.0,16520000.0,1.0,154.0,155.0,153.0,153.0,107700.0
2022-06-16,29820,155.0,155.0,153.0,153.0,0,0,117000.0,17977400.0,1.0,155.0,155.0,153.0,153.0,117000.0
2022-06-17,29820,153.0,154.0,152.0,152.0,0,0,180100.0,27529000.0,1.0,153.0,154.0,152.0,152.0,180100.0
2022-06-20,29820,153.0,154.0,152.0,152.0,0,0,170200.0,25946400.0,1.0,153.0,154.0,152.0,152.0,170200.0
2022-06-21,29820,153.0,155.0,152.0,154.0,0,0,229000.0,35247700.0,1.0,153.0,155.0,152.0,154.0,229000.0
2022-06-22,29820,154.0,155.0,153.0,154.0,0,0,159900.0,24663200.0,1.0,154.0,155.0,153.0,154.0,159900.0
2022-06-23,29820,153.0,155.0,153.0,153.0,0,0,106400.0,16320000.0,1.0,153.0,155.0,153.0,153.0,106400.0
2022-06-24,29820,153.0,154.0,153.0,153.0,0,0,189700.0,29076800.0,1.0,153.0,154.0,153.0,153.0,189700.0
2022-06-27,29820,155.0,155.0,153.0,154.0,0,0,461700.0,71289500.0,1.0,155.0,155.0,153.0,154.0,461700.0
2022-06-28,29820,153.0,156.0,153.0,156.0,0,0,1723500.0,264959000.0,1.0,153.0,156.0,153.0,156.0,1723500.0
2022-06-29,29820,151.0,154.0,150.0,152.0,0,0,634300.0,96158400.0,1.0,151.0,154.0,150.0,152.0,634300.0
2022-06-30,29820,154.0,154.0,151.0,151.0,0,0,233900.0,35682100.0,1.0,154.0,154.0,151.0,151.0,233900.0
2022-07-01,29820,152.0,152.0,151.0,151.0,0,0,286200.0,43420600.0,1.0,152.0,152.0,151.0,151.0,286200.0
2022-07-04,29820,152.0,152.0,151.0,151.0,0,0,178700.0,27063600.0,1.0,152.0,152.0,151.0,151.0,178700.0
2022-07-05,29820,152.0,152.0,149.0,150.0,0,0,301600.0,45353600.0,1.0,152.0,152.0,149.0,150.0,301600.0
2022-07-06,29820,149.0,150.0,148.0,148.0,0,0,171200.0,25477000.0,1.0,149.0,150.0,148.0,148.0,171200.0
2022-07-07,29820,149.0,149.0,148.0,148.0,0,0,113600.0,16877500.0,1.0,149.0,149.0,148.0,148.0,113600.0
2022-07-08,29820,149.0,150.0,149.0,149.0,0,0,198400.0,29614900.0,1.0,149.0,150.0,149.0,149.0,198400.0
2022-07-11,29820,149.0,152.0,149.0,150.0,0,0,196500.0,29576800.0,1.0,149.0,152.0,149.0,150.0,196500.0
2022-07-12,29820,150.0,152.0,149.0,150.0,0,0,255100.0,38359100.0,1.0,150.0,152.0,149.0,150.0,255100.0
2022-07-13,29820,151.0,152.0,150.0,151.0,0,0,146200.0,22082000.0,1.0,151.0,152.0,150.0,151.0,146200.0
2022-07-14,29820,151.0,153.0,151.0,151.0,0,0,168400.0,25567600.0,1.0,151.0,153.0,151.0,151.0,168400.0
2022-07-15,29820,152.0,152.0,150.0,150.0,0,0,126900.0,19214900.0,1.0,152.0,152.0,150.0,150.0,126900.0
2022-07-19,29820,152.0,152.0,151.0,152.0,0,0,94800.0,14368100.0,1.0,152.0,152.0,151.0,152.0,94800.0
2022-07-20,29820,152.0,153.0,152.0,153.0,0,0,144200.0,21975000.0,1.0,152.0,153.0,152.0,153.0,144200.0
2022-07-21,29820,153.0,155.0,153.0,155.0,0,0,241600.0,37189700.0,1.0,153.0,155.0,153.0,155.0,241600.0
2022-07-22,29820,154.0,155.0,153.0,154.0,0,0,229100.0,35271400.0,1.0,154.0,155.0,153.0,154.0,229100.0
2022-07-25,29820,154.0,155.0,152.0,154.0,0,0,257700.0,39592200.0,1.0,154.0,155.0,152.0,154.0,257700.0
2022-07-26,29820,154.0,155.0,153.0,155.0,0,0,161000.0,24809800.0,1.0,154.0,155.0,153.0,155.0,161000.0
2022-07-27,29820,155.0,156.0,154.0,155.0,0,0,158800.0,24654600.0,1.0,155.0,156.0,154.0,155.0,158800.0
2022-07-28,29820,156.0,157.0,154.0,155.0,0,0,961900.0,149342900.0,1.0,156.0,157.0,154.0,155.0,961900.0
2022-07-29,29820,155.0,156.0,155.0,156.0,0,0,106200.0,16515300.0,1.0,155.0,156.0,155.0,156.0,106200.0
2022-08-01,29820,157.0,174.0,156.0,160.0,0,0,1560800.0,252225100.0,1.0,157.0,174.0,156.0,160.0,1560800.0
2022-08-02,29820,159.0,159.0,156.0,156.0,0,0,218000.0,34340000.0,1.0,159.0,159.0,156.0,156.0,218000.0
2022-08-03,29820,155.0,156.0,153.0,153.0,0,0,245800.0,37925100.0,1.0,155.0,156.0,153.0,153.0,245800.0
2022-08-04,29820,154.0,155.0,154.0,154.0,0,0,161000.0,24842700.0,1.0,154.0,155.0,154.0,154.0,161000.0
2022-08-05,29820,153.0,155.0,153.0,154.0,0,0,146000.0,22423800.0,1.0,153.0,155.0,153.0,154.0,146000.0
2022-08-08,29820,154.0,154.0,153.0,154.0,0,0,70900.0,10897900.0,1.0,154.0,154.0,153.0,154.0,70900.0
2022-08-09,29820,153.0,154.0,152.0,153.0,0,0,120900.0,18467000.0,1.0,153.0,154.0,152.0,153.0,120900.0
2022-08-10,29820,152.0,153.0,152.0,152.0,0,0,101000.0,15356100.0,1.0,152.0,153.0,152.0,152.0,101000.0
2022-08-12,29820,155.0,155.0,153.0,155.0,0,0,335200.0,51734200.0,1.0,155.0,155.0,153.0,155.0,335200.0
2022-08-15,29820,154.0,155.0,154.0,155.0,0,0,92700.0,14286800.0,1.0,154.0,155.0,154.0,155.0,92700.0
2022-08-16,29820,154.0,155.0,153.0,155.0,0,0,68800.0,10609600.0,1.0,154.0,155.0,153.0,155.0,68800.0
2022-08-17,29820,154.0,155.0,154.0,155.0,0,0,86200.0,13308600.0,1.0,154.0,155.0,154.0,155.0,86200.0
2022-08-18,29820,154.0,156.0,154.0,154.0,0,0,243300.0,37633700.0,1.0,154.0,156.0,154.0,154.0,243300.0
2022-08-19,29820,154.0,157.0,154.0,156.0,0,0,437900.0,67828400.0,1.0,154.0,157.0,154.0,156.0,437900.0
2022-08-22,29820,156.0,156.0,154.0,156.0,0,0,141000.0,21924400.0,1.0,156.0,156.0,154.0,156.0,141000.0
2022-08-23,29820,155.0,155.0,154.0,154.0,0,0,98900.0,15297700.0,1.0,155.0,155.0,154.0,154.0,98900.0
2022-08-24,29820,155.0,156.0,153.0,155.0,0,0,239000.0,36923000.0,1.0,155.0,156.0,153.0,155.0,239000.0
2022-08-25,29820,154.0,156.0,154.0,156.0,0,0,111700.0,17290800.0,1.0,154.0,156.0,154.0,156.0,111700.0
2022-08-26,29820,157.0,158.0,155.0,156.0,0,0,468900.0,73492500.0,1.0,157.0,158.0,155.0,156.0,468900.0
2022-08-29,29820,155.0,157.0,154.0,157.0,0,0,295200.0,45916600.0,1.0,155.0,157.0,154.0,157.0,295200.0
2022-08-30,29820,157.0,157.0,155.0,157.0,0,0,157500.0,24618400.0,1.0,157.0,157.0,155.0,157.0,157500.0
2022-08-31,29820,156.0,159.0,155.0,157.0,0,0,361500.0,56864800.0,1.0,156.0,159.0,155.0,157.0,361500.0
2022-09-01,29820,158.0,158.0,155.0,155.0,0,0,268000.0,41869100.0,1.0,158.0,158.0,155.0,155.0,268000.0
2022-09-02,29820,156.0,159.0,154.0,159.0,0,0,730400.0,114508300.0,1.0,156.0,159.0,154.0,159.0,730400.0
2022-09-05,29820,159.0,159.0,157.0,157.0,0,0,346300.0,54783400.0,1.0,159.0,159.0,157.0,157.0,346300.0
2022-09-06,29820,158.0,160.0,157.0,158.0,0,0,338400.0,53650200.0,1.0,158.0,160.0,157.0,158.0,338400.0
2022-09-07,29820,159.0,159.0,156.0,158.0,0,0,385900.0,60645600.0,1.0,159.0,159.0,156.0,158.0,385900.0
2022-09-08,29820,157.0,157.0,155.0,157.0,0,0,226300.0,35361700.0,1.0,157.0,157.0,155.0,157.0,226300.0
2022-09-09,29820,156.0,157.0,155.0,155.0,0,0,858400.0,133880100.0,1.0,156.0,157.0,155.0,155.0,858400.0
2022-09-12,29820,157.0,157.0,156.0,156.0,0,0,219800.0,34358800.0,1.0,157.0,157.0,156.0,156.0,219800.0
2022-09-13,29820,158.0,160.0,157.0,159.0,0,0,478600.0,76113400.0,1.0,158.0,160.0,157.0,159.0,478600.0
2022-09-14,29820,157.0,159.0,156.0,157.0,0,0,296700.0,46759500.0,1.0,157.0,159.0,156.0,157.0,296700.0
2022-09-15,29820,157.0,157.0,156.0,156.0,0,0,146100.0,22834000.0,1.0,157.0,157.0,156.0,156.0,146100.0
2022-09-16,29820,157.0,157.0,155.0,156.0,0,0,494500.0,77348100.0,1.0,157.0,157.0,155.0,156.0,494500.0
2022-09-20,29820,156.0,158.0,156.0,156.0,0,0,165400.0,25910000.0,1.0,156.0,158.0,156.0,156.0,165400.0
2022-09-21,29820,155.0,157.0,155.0,156.0,0,0,261300.0,40720100.0,1.0,155.0,157.0,155.0,156.0,261300.0
2022-09-22,29820,156.0,156.0,154.0,154.0,0,0,371000.0,57544200.0,1.0,156.0,156.0,154.0,154.0,371000.0
2022-09-26,29820,154.0,155.0,152.0,153.0,0,0,437500.0,67036400.0,1.0,154.0,155.0,152.0,153.0,437500.0
2022-09-27,29820,152.0,154.0,152.0,152.0,0,0,229400.0,35010800.0,1.0,152.0,154.0,152.0,152.0,229400.0
2022-09-28,29820,152.0,152.0,149.0,150.0,0,0,427100.0,64461900.0,1.0,152.0,152.0,149.0,150.0,427100.0
2022-09-29,29820,152.0,155.0,152.0,153.0,0,0,274100.0,41879500.0,1.0,152.0,155.0,152.0,153.0,274100.0
2022-09-30,29820,153.0,154.0,151.0,152.0,0,0,261800.0,39972200.0,1.0,153.0,154.0,151.0,152.0,261800.0
2022-10-03,29820,154.0,155.0,153.0,155.0,0,0,184900.0,28458500.0,1.0,154.0,155.0,153.0,155.0,184900.0
2022-10-04,29820,156.0,157.0,155.0,157.0,0,0,198500.0,30998300.0,1.0,156.0,157.0,155.0,157.0,198500.0
2022-10-05,29820,157.0,158.0,155.0,155.0,0,0,283600.0,44449600.0,1.0,157.0,158.0,155.0,155.0,283600.0
2022-10-06,29820,157.0,158.0,156.0,158.0,0,0,186300.0,29334600.0,1.0,157.0,158.0,156.0,158.0,186300.0
2022-10-07,29820,158.0,158.0,157.0,158.0,0,0,93500.0,14755800.0,1.0,158.0,158.0,157.0,158.0,93500.0
2022-10-11,29820,156.0,157.0,154.0,155.0,0,0,250100.0,38910000.0,1.0,156.0,157.0,154.0,155.0,250100.0
2022-10-12,29820,155.0,158.0,155.0,157.0,0,0,281700.0,43936300.0,1.0,155.0,158.0,155.0,157.0,281700.0
2022-10-13,29820,159.0,160.0,157.0,160.0,0,0,316900.0,50339700.0,1.0,159.0,160.0,157.0,160.0,316900.0
2022-10-14,29820,160.0,160.0,158.0,160.0,0,0,276600.0,44119300.0,1.0,160.0,160.0,158.0,160.0,276600.0
2022-10-17,29820,158.0,164.0,158.0,163.0,0,0,464500.0,74894500.0,1.0,158.0,164.0,158.0,163.0,464500.0
2022-10-18,29820,165.0,166.0,163.0,164.0,0,0,339000.0,55726200.0,1.0,165.0,166.0,163.0,164.0,339000.0
2022-10-19,29820,164.0,165.0,163.0,165.0,0,0,169200.0,27791300.0,1.0,164.0,165.0,163.0,165.0,169200.0
2022-10-20,29820,164.0,167.0,164.0,167.0,0,0,273300.0,45277800.0,1.0,164.0,167.0,164.0,167.0,273300.0
2022-10-21,29820,167.0,167.0,165.0,165.0,0,0,198700.0,32995100.0,1.0,167.0,167.0,165.0,165.0,198700.0
2022-10-24,29820,165.0,165.0,160.0,163.0,0,0,349500.0,56955300.0,1.0,165.0,165.0,160.0,163.0,349500.0
2022-10-25,29820,163.0,163.0,160.0,161.0,0,0,256000.0,41351200.0,1.0,163.0,163.0,160.0,161.0,256000.0
2022-10-26,29820,161.0,164.0,161.0,164.0,0,0,181100.0,29467800.0,1.0,161.0,164.0,161.0,164.0,181100.0
2022-10-27,29820,163.0,164.0,162.0,162.0,0,0,148000.0,24134500.0,1.0,163.0,164.0,162.0,162.0,148000.0
2022-10-28,29820,163.0,164.0,162.0,162.0,0,0,325500.0,52902600.0,1.0,163.0,164.0,162.0,162.0,325500.0
2022-10-31,29820,163.0,164.0,161.0,163.0,0,0,212500.0,34584400.0,1.0,163.0,164.0,161.0,163.0,212500.0
2022-11-01,29820,164.0,164.0,161.0,163.0,0,0,150400.0,24457700.0,1.0,164.0,164.0,161.0,163.0,150400.0
2022-11-02,29820,162.0,165.0,162.0,163.0,0,0,263400.0,43074500.0,1.0,162.0,165.0,162.0,163.0,263400.0
2022-11-04,29820,162.0,163.0,161.0,162.0,0,0,225500.0,36538800.0,1.0,162.0,163.0,161.0,162.0,225500.0
2022-11-07,29820,162.0,163.0,162.0,162.0,0,0,96100.0,15591700.0,1.0,162.0,163.0,162.0,162.0,96100.0
2022-11-08,29820,163.0,165.0,163.0,164.0,0,0,176900.0,28944900.0,1.0,163.0,165.0,163.0,164.0,176900.0
2022-11-09,29820,163.0,164.0,162.0,162.0,0,0,137700.0,22447200.0,1.0,163.0,164.0,162.0,162.0,137700.0
2022-11-10,29820,162.0,165.0,162.0,165.0,0,0,169200.0,27688500.0,1.0,162.0,165.0,162.0,165.0,169200.0
2022-11-11,29820,166.0,166.0,163.0,165.0,0,0,318200.0,52504700.0,1.0,166.0,166.0,163.0,165.0,318200.0
2022-11-14,29820,166.0,166.0,164.0,164.0,0,0,192000.0,31730200.0,1.0,166.0,166.0,164.0,164.0,192000.0
2022-11-15,29820,163.0,164.0,162.0,163.0,0,0,166600.0,27159600.0,1.0,163.0,164.0,162.0,163.0,166600.0
2022-11-16,29820,164.0,164.0,163.0,163.0,0,0,140700.0,23009400.0,1.0,164.0,164.0,163.0,163.0,140700.0
2022-11-17,29820,164.0,165.0,163.0,165.0,0,0,139600.0,22932900.0,1.0,164.0,165.0,163.0,165.0,139600.0
2022-11-18,29820,166.0,168.0,165.0,167.0,0,0,404000.0,67434800.0,1.0,166.0,168.0,165.0,167.0,404000.0
2022-11-21,29820,168.0,169.0,167.0,167.0,0,0,258000.0,43335300.0,1.0,168.0,169.0,167.0,167.0,258000.0
2022-11-22,29820,167.0,167.0,165.0,165.0,0,0,286900.0,47689500.0,1.0,167.0,167.0,165.0,165.0,286900.0
2022-11-24,29820,166.0,168.0,166.0,168.0,0,0,175600.0,29321300.0,1.0,166.0,168.0,166.0,168.0,175600.0
2022-11-25,29820,168.0,169.0,168.0,169.0,0,0,190000.0,32008200.0,1.0,168.0,169.0,168.0,169.0,190000.0
2022-11-28,29820,169.0,169.0,168.0,169.0,0,0,172300.0,29097300.0,1.0,169.0,169.0,168.0,169.0,172300.0
2022-11-29,29820,168.0,169.0,167.0,167.0,0,0,254000.0,42576300.0,1.0,168.0,169.0,167.0,167.0,254000.0
2022-11-30,29820,166.0,168.0,156.0,156.0,0,0,2257800.0,364478700.0,1.0,166.0,168.0,156.0,156.0,2257800.0
2022-12-01,29820,156.0,159.0,155.0,159.0,0,0,1029700.0,161856900.0,1.0,156.0,159.0,155.0,159.0,1029700.0
2022-12-02,29820,159.0,159.0,154.0,155.0,0,0,610500.0,95177700.0,1.0,159.0,159.0,154.0,155.0,610500.0
2022-12-05,29820,154.0,155.0,153.0,153.0,0,0,314900.0,48431500.0,1.0,154.0,155.0,153.0,153.0,314900.0
2022-12-06,29820,154.0,155.0,152.0,154.0,0,0,296700.0,45581600.0,1.0,154.0,155.0,152.0,154.0,296700.0
2022-12-07,29820,152.0,154.0,152.0,153.0,0,0,257300.0,39357400.0,1.0,152.0,154.0,152.0,153.0,257300.0
2022-12-08,29820,153.0,154.0,153.0,153.0,0,0,161900.0,24814000.0,1.0,153.0,154.0,153.0,153.0,161900.0
2022-12-09,29820,153.0,155.0,153.0,155.0,0,0,279100.0,42992700.0,1.0,153.0,155.0,153.0,155.0,279100.0
2022-12-12,29820,155.0,156.0,154.0,154.0,0,0,245000.0,37954700.0,1.0,155.0,156.0,154.0,154.0,245000.0
2022-12-13,29820,155.0,156.0,154.0,154.0,0,0,143100.0,22156000.0,1.0,155.0,156.0,154.0,154.0,143100.0
2022-12-14,29820,156.0,156.0,154.0,156.0,0,0,168300.0,26127900.0,1.0,156.0,156.0,154.0,156.0,168300.0
2022-12-15,29820,155.0,156.0,154.0,156.0,0,0,190100.0,29490900.0,1.0,155.0,156.0,154.0,156.0,190100.0
2022-12-16,29820,155.0,156.0,154.0,154.0,0,0,339400.0,52432400.0,1.0,155.0,156.0,154.0,154.0,339400.0
2022-12-19,29820,155.0,155.0,153.0,154.0,0,0,299900.0,46274200.0,1.0,155.0,155.0,153.0,154.0,299900.0
2022-12-20,29820,153.0,154.0,147.0,148.0,0,0,1017300.0,153201100.0,1.0,153.0,154.0,147.0,148.0,1017300.0
2022-12-21,29820,148.0,149.0,145.0,147.0,0,0,557200.0,82022300.0,1.0,148.0,149.0,145.0,147.0,557200.0
2022-12-22,29820,147.0,148.0,146.0,147.0,0,0,313100.0,46123900.0,1.0,147.0,148.0,146.0,147.0,313100.0
2022-12-23,29820,147.0,148.0,146.0,148.0,0,0,264200.0,38815300.0,1.0,147.0,148.0,146.0,148.0,264200.0
2022-12-26,29820,148.0,148.0,147.0,147.0,0,0,365800.0,53931500.0,1.0,148.0,148.0,147.0,147.0,365800.0
2022-12-27,29820,147.0,148.0,147.0,147.0,0,0,360000.0,53018200.0,1.0,147.0,148.0,147.0,147.0,360000.0
2022-12-28,29820,148.0,150.0,147.0,149.0,0,0,1427000.0,211411500.0,1.0,148.0,150.0,147.0,149.0,1427000.0
2022-12-29,29820,142.0,145.0,142.0,143.0,0,0,1080400.0,154368600.0,1.0,142.0,145.0,142.0,143.0,1080400.0
2022-12-30,29820,145.0,145.0,143.0,143.0,0,0,333400.0,47991800.0,1.0,145.0,145.0,143.0,143.0,333400.0
2023-01-04,29820,143.0,144.0,140.0,140.0,0,0,503400.0,71377400.0,1.0,143.0,144.0,140.0,140.0,503400.0
2023-01-05,29820,140.0,142.0,139.0,140.0,0,0,824800.0,115598100.0,1.0,140.0,142.0,139.0,140.0,824800.0
2023-01-06,29820,140.0,141.0,139.0,140.0,0,0,283700.0,39642000.0,1.0,140.0,141.0,139.0,140.0,283700.0
2023-01-10,29820,140.0,141.0,140.0,140.0,0,0,146600.0,20588300.0,1.0,140.0,141.0,140.0,140.0,146600.0
2023-01-11,29820,142.0,145.0,142.0,143.0,0,0,415400.0,59437200.0,1.0,142.0,145.0,142.0,143.0,415400.0
2023-01-12,29820,143.0,143.0,141.0,143.0,0,0,246800.0,35134600.0,1.0,143.0,143.0,141.0,143.0,246800.0
2023-01-13,29820,142.0,143.0,141.0,142.0,0,0,201200.0,28538600.0,1.0,142.0,143.0,141.0,142.0,201200.0
2023-01-16,29820,142.0,142.0,140.0,140.0,0,0,152400.0,21487600.0,1.0,142.0,142.0,140.0,140.0,152400.0
2023-01-17,29820,140.0,142.0,140.0,141.0,0,0,169000.0,23816700.0,1.0,140.0,142.0,140.0,141.0,169000.0
2023-01-18,29820,141.0,144.0,140.0,143.0,0,0,360800.0,51238000.0,1.0,141.0,144.0,140.0,143.0,360800.0
2023-01-19,29820,142.0,143.0,140.0,141.0,0,0,363700.0,51396100.0,1.0,142.0,143.0,140.0,141.0,363700.0
2023-01-20,29820,140.0,142.0,140.0,141.0,0,0,100700.0,14192300.0,1.0,140.0,142.0,140.0,141.0,100700.0
2023-01-23,29820,142.0,144.0,141.0,143.0,0,0,328900.0,46894200.0,1.0,142.0,144.0,141.0,143.0,328900.0
2023-01-24,29820,143.0,145.0,141.0,142.0,0,0,343600.0,48969000.0,1.0,143.0,145.0,141.0,142.0,343600.0
2023-01-25,29820,143.0,144.0,141.0,143.0,0,0,161500.0,23050700.0,1.0,143.0,144.0,141.0,143.0,161500.0
2023-01-26,29820,143.0,143.0,142.0,142.0,0,0,98900.0,14099400.0,1.0,143.0,143.0,142.0,142.0,98900.0
2023-01-27,29820,143.0,144.0,142.0,143.0,0,0,279600.0,40052100.0,1.0,143.0,144.0,142.0,143.0,279600.0
2023-01-30,29820,143.0,147.0,143.0,147.0,0,0,886600.0,129560800.0,1.0,143.0,147.0,143.0,147.0,886600.0
2023-01-31,29820,147.0,148.0,146.0,147.0,0,0,351100.0,51694600.0,1.0,147.0,148.0,146.0,147.0,351100.0
2023-02-01,29820,147.0,148.0,146.0,147.0,0,0,94100.0,13828100.0,1.0,147.0,148.0,146.0,147.0,94100.0
2023-02-02,29820,148.0,148.0,145.0,146.0,0,0,290600.0,42590800.0,1.0,148.0,148.0,145.0,146.0,290600.0
2023-02-03,29820,146.0,147.0,145.0,146.0,0,0,112000.0,16356600.0,1.0,146.0,147.0,145.0,146.0,112000.0
2023-02-06,29820,146.0,146.0,144.0,145.0,0,0,182000.0,26459500.0,1.0,146.0,146.0,144.0,145.0,182000.0
2023-02-07,29820,145.0,146.0,144.0,146.0,0,0,113100.0,16424000.0,1.0,145.0,146.0,144.0,146.0,113100.0
2023-02-08,29820,146.0,146.0,144.0,146.0,0,0,141400.0,20553000.0,1.0,146.0,146.0,144.0,146.0,141400.0
2023-02-09,29820,146.0,146.0,144.0,146.0,0,0,188400.0,27402300.0,1.0,146.0,146.0,144.0,146.0,188400.0
2023-02-10,29820,145.0,146.0,144.0,145.0,0,0,210100.0,30469500.0,1.0,145.0,146.0,144.0,145.0,210100.0
2023-02-13,29820,160.0,160.0,153.0,154.0,0,0,2360700.0,368145900.0,1.0,160.0,160.0,153.0,154.0,2360700.0
2023-02-14,29820,154.0,156.0,153.0,155.0,0,0,502800.0,77753700.0,1.0,154.0,156.0,153.0,155.0,502800.0
2023-02-15,29820,155.0,159.0,155.0,156.0,0,0,773400.0,121052400.0,1.0,155.0,159.0,155.0,156.0,773400.0
2023-02-16,29820,156.0,158.0,155.0,157.0,0,0,464300.0,72737000.0,1.0,156.0,158.0,155.0,157.0,464300.0
2023-02-17,29820,156.0,161.0,156.0,160.0,0,0,688700.0,109336900.0,1.0,156.0,161.0,156.0,160.0,688700.0
2023-02-20,29820,161.0,165.0,160.0,163.0,0,0,841000.0,136349100.0,1.0,161.0,165.0,160.0,163.0,841000.0
2023-02-21,29820,164.0,165.0,163.0,165.0,0,0,269100.0,44164000.0,1.0,164.0,165.0,163.0,165.0,269100.0
2023-02-22,29820,163.0,165.0,162.0,163.0,0,0,391300.0,63932200.0,1.0,163.0,165.0,162.0,163.0,391300.0
2023-02-24,29820,164.0,168.0,163.0,165.0,0,0,724700.0,120425200.0,1.0,164.0,168.0,163.0,165.0,724700.0
2023-02-27,29820,167.0,172.0,167.0,171.0,0,0,668100.0,113425800.0,1.0,167.0,172.0,167.0,171.0,668100.0
2023-02-28,29820,173.0,173.0,168.0,168.0,0,0,538000.0,91391500.0,1.0,173.0,173.0,168.0,168.0,538000.0
2023-03-01,29820,167.0,170.0,167.0,170.0,0,0,359800.0,60751300.0,1.0,167.0,170.0,167.0,170.0,359800.0
2023-03-02,29820,171.0,172.0,168.0,170.0,0,0,305200.0,51962100.0,1.0,171.0,172.0,168.0,170.0,305200.0
2023-03-03,29820,169.0,171.0,168.0,170.0,0,0,539800.0,91556400.0,1.0,169.0,171.0,168.0,170.0,539800.0
2023-03-06,29820,170.0,172.0,167.0,169.0,0,0,551600.0,93449700.0,1.0,170.0,172.0,167.0,169.0,551600.0
2023-03-07,29820,167.0,169.0,165.0,167.0,0,0,697300.0,116499600.0,1.0,167.0,169.0,165.0,167.0,697300.0
2023-03-08,29820,167.0,169.0,166.0,169.0,0,0,162500.0,27285900.0,1.0,167.0,169.0,166.0,169.0,162500.0
2023-03-09,29820,168.0,169.0,167.0,168.0,0,0,366700.0,61492100.0,1.0,168.0,169.0,167.0,168.0,366700.0
2023-03-10,29820,166.0,167.0,164.0,165.0,0,0,411300.0,68191000.0,1.0,166.0,167.0,164.0,165.0,411300.0
2023-03-13,29820,163.0,166.0,161.0,164.0,0,0,436400.0,71023400.0,1.0,163.0,166.0,161.0,164.0,436400.0
2023-03-14,29820,163.0,163.0,158.0,162.0,0,0,460600.0,74090100.0,1.0,163.0,163.0,158.0,162.0,460600.0
2023-03-15,29820,162.0,164.0,161.0,162.0,0,0,282400.0,45822600.0,1.0,162.0,164.0,161.0,162.0,282400.0
2023-03-16,29820,158.0,160.0,158.0,160.0,0,0,279700.0,44390200.0,1.0,158.0,160.0,158.0,160.0,279700.0
2023-03-17,29820,160.0,162.0,160.0,161.0,0,0,149500.0,24067900.0,1.0,160.0,162.0,160.0,161.0,149500.0
2023-03-20,29820,161.0,163.0,160.0,160.0,0,0,205500.0,33114800.0,1.0,161.0,163.0,160.0,160.0,205500.0
2023-03-22,29820,161.0,164.0,161.0,163.0,0,0,194800.0,31650800.0,1.0,161.0,164.0,161.0,163.0,194800.0
2023-03-23,29820,162.0,167.0,162.0,167.0,0,0,649400.0,106361100.0,1.0,162.0,167.0,162.0,167.0,649400.0
2023-03-24,29820,168.0,168.0,165.0,167.0,0,0,597300.0,99876400.0,1.0,168.0,168.0,165.0,167.0,597300.0
2023-03-27,29820,168.0,168.0,166.0,166.0,0,0,352400.0,58799400.0,1.0,168.0,168.0,166.0,166.0,352400.0
2023-03-28,29820,165.0,166.0,163.0,163.0,0,0,169200.0,27775800.0,1.0,165.0,166.0,163.0,163.0,169200.0
2023-03-29,29820,163.0,166.0,163.0,166.0,0,0,279000.0,46051600.0,1.0,163.0,166.0,163.0,166.0,279000.0
2023-03-30,29820,167.0,168.0,166.0,168.0,0,0,174700.0,29241200.0,1.0,167.0,168.0,166.0,168.0,174700.0
2023-03-31,29820,169.0,170.0,165.0,166.0,0,0,515400.0,86223700.0,1.0,169.0,170.0,165.0,166.0,515400.0
2023-04-03,29820,168.0,169.0,166.0,168.0,0,0,309300.0,51851400.0,1.0,168.0,169.0,166.0,168.0,309300.0
2023-04-04,29820,168.0,168.0,166.0,167.0,0,0,167100.0,27915200.0,1.0,168.0,168.0,166.0,167.0,167100.0
2023-04-05,29820,166.0,167.0,164.0,165.0,0,0,317500.0,52677000.0,1.0,166.0,167.0,164.0,165.0,317500.0
2023-04-06,29820,163.0,165.0,163.0,163.0,0,0,267200.0,43660300.0,1.0,163.0,165.0,163.0,163.0,267200.0
2023-04-07,29820,165.0,167.0,164.0,166.0,0,0,177900.0,29447100.0,1.0,165.0,167.0,164.0,166.0,177900.0
2023-04-10,29820,166.0,167.0,165.0,166.0,0,0,290000.0,48049000.0,1.0,166.0,167.0,165.0,166.0,290000.0
2023-04-11,29820,166.0,166.0,164.0,165.0,0,0,201900.0,33309900.0,1.0,166.0,166.0,164.0,165.0,201900.0
2023-04-12,29820,165.0,166.0,164.0,166.0,0,0,144200.0,23828400.0,1.0,165.0,166.0,164.0,166.0,144200.0
2023-04-13,29820,165.0,166.0,164.0,165.0,0,0,229800.0,37942600.0,1.0,165.0,166.0,164.0,165.0,229800.0
2023-04-14,29820,165.0,166.0,164.0,164.0,0,0,234600.0,38666200.0,1.0,165.0,166.0,164.0,164.0,234600.0
2023-04-17,29820,166.0,166.0,165.0,166.0,0,0,154000.0,25544800.0,1.0,166.0,166.0,165.0,166.0,154000.0
2023-04-18,29820,165.0,167.0,165.0,165.0,0,0,226400.0,37513800.0,1.0,165.0,167.0,165.0,165.0,226400.0
2023-04-19,29820,165.0,166.0,164.0,165.0,0,0,262300.0,43288800.0,1.0,165.0,166.0,164.0,165.0,262300.0
2023-04-20,29820,165.0,166.0,164.0,165.0,0,0,227900.0,37538200.0,1.0,165.0,166.0,164.0,165.0,227900.0
2023-04-21,29820,165.0,166.0,164.0,165.0,0,0,143400.0,23679400.0,1.0,165.0,166.0,164.0,165.0,143400.0
2023-04-24,29820,166.0,171.0,166.0,170.0,0,0,675800.0,113900200.0,1.0,166.0,171.0,166.0,170.0,675800.0
2023-04-25,29820,171.0,173.0,168.0,169.0,0,0,568200.0,97075300.0,1.0,171.0,173.0,168.0,169.0,568200.0
2023-04-26,29820,168.0,169.0,166.0,167.0,0,0,232500.0,38953700.0,1.0,168.0,169.0,166.0,167.0,232500.0
2023-04-27,29820,167.0,168.0,166.0,168.0,0,0,556700.0,93272600.0,1.0,167.0,168.0,166.0,168.0,556700.0
2023-04-28,29820,168.0,173.0,168.0,172.0,0,0,458800.0,78279900.0,1.0,168.0,173.0,168.0,172.0,458800.0
2023-05-01,29820,173.0,173.0,170.0,173.0,0,0,342200.0,58914300.0,1.0,173.0,173.0,170.0,173.0,342200.0
2023-05-02,29820,172.0,173.0,170.0,171.0,0,0,258500.0,44292800.0,1.0,172.0,173.0,170.0,171.0,258500.0
2023-05-08,29820,172.0,182.0,172.0,181.0,0,0,1129800.0,201115900.0,1.0,172.0,182.0,172.0,181.0,1129800.0
2023-05-09,29820,182.0,187.0,181.0,185.0,0,0,815800.0,150315400.0,1.0,182.0,187.0,181.0,185.0,815800.0
2023-05-10,29820,185.0,186.0,181.0,182.0,0,0,669100.0,122873200.0,1.0,185.0,186.0,181.0,182.0,669100.0
2023-05-11,29820,184.0,186.0,181.0,185.0,0,0,382900.0,70317500.0,1.0,184.0,186.0,181.0,185.0,382900.0
2023-05-12,29820,185.0,186.0,183.0,185.0,0,0,350600.0,64717300.0,1.0,185.0,186.0,183.0,185.0,350600.0
2023-05-15,29820,189.0,191.0,187.0,190.0,0,0,735400.0,139088000.0,1.0,189.0,191.0,187.0,190.0,735400.0
2023-05-16,29820,190.0,195.0,189.0,192.0,0,0,680000.0,130908300.0,1.0,190.0,195.0,189.0,192.0,680000.0
2023-05-17,29820,190.0,193.0,190.0,193.0,0,0,488500.0,93478100.0,1.0,190.0,193.0,190.0,193.0,488500.0
2023-05-18,29820,193.0,196.0,188.0,189.0,0,0,695700.0,133100700.0,1.0,193.0,196.0,188.0,189.0,695700.0
2023-05-19,29820,190.0,191.0,188.0,189.0,0,0,375400.0,71088100.0,1.0,190.0,191.0,188.0,189.0,375400.0
2023-05-22,29820,189.0,194.0,187.0,192.0,0,0,548400.0,104851600.0,1.0,189.0,194.0,187.0,192.0,548400.0
2023-05-23,29820,193.0,193.0,187.0,187.0,0,0,469700.0,89021400.0,1.0,193.0,193.0,187.0,187.0,469700.0
2023-05-24,29820,186.0,188.0,183.0,187.0,0,0,449900.0,83395500.0,1.0,186.0,188.0,183.0,187.0,449900.0
2023-05-25,29820,185.0,187.0,182.0,185.0,0,0,423300.0,78057200.0,1.0,185.0,187.0,182.0,185.0,423300.0
2023-05-26,29820,185.0,186.0,182.0,184.0,0,0,389900.0,71717100.0,1.0,185.0,186.0,182.0,184.0,389900.0
2023-05-29,29820,185.0,187.0,184.0,185.0,0,0,261900.0,48483200.0,1.0,185.0,187.0,184.0,185.0,261900.0
2023-05-30,29820,184.0,184.0,180.0,183.0,0,0,365400.0,66677700.0,1.0,184.0,184.0,180.0,183.0,365400.0
2023-05-31,29820,188.0,208.0,187.0,202.0,0,0,4395900.0,878859300.0,1.0,188.0,208.0,187.0,202.0,4395900.0
2023-06-01,29820,198.0,202.0,195.0,196.0,0,0,1303100.0,257336300.0,1.0,198.0,202.0,195.0,196.0,1303100.0
2023-06-02,29820,196.0,205.0,194.0,203.0,0,0,1084100.0,216660400.0,1.0,196.0,205.0,194.0,203.0,1084100.0
2023-06-05,29820,206.0,214.0,205.0,210.0,0,0,1185600.0,247757800.0,1.0,206.0,214.0,205.0,210.0,1185600.0
2023-06-06,29820,210.0,210.0,206.0,210.0,0,0,718600.0,149627400.0,1.0,210.0,210.0,206.0,210.0,718600.0
2023-06-07,29820,211.0,215.0,206.0,208.0,0,0,860800.0,180865700.0,1.0,211.0,215.0,206.0,208.0,860800.0
2023-06-08,29820,209.0,210.0,202.0,203.0,0,0,640500.0,131539100.0,1.0,209.0,210.0,202.0,203.0,640500.0
2023-06-09,29820,204.0,209.0,204.0,207.0,0,0,619100.0,127678300.0,1.0,204.0,209.0,204.0,207.0,619100.0
2023-06-12,29820,207.0,209.0,203.0,208.0,0,0,592400.0,121948200.0,1.0,207.0,209.0,203.0,208.0,592400.0
2023-06-13,29820,209.0,212.0,207.0,207.0,0,0,483000.0,101312900.0,1.0,209.0,212.0,207.0,207.0,483000.0
2023-06-14,29820,205.0,207.0,203.0,206.0,0,0,645800.0,132345100.0,1.0,205.0,207.0,203.0,206.0,645800.0
2023-06-15,29820,205.0,209.0,205.0,208.0,0,0,389900.0,80743700.0,1.0,205.0,209.0,205.0,208.0,389900.0
2023-06-16,29820,207.0,213.0,207.0,211.0,0,0,747200.0,157479500.0,1.0,207.0,213.0,207.0,211.0,747200.0
2023-06-19,29820,212.0,215.0,210.0,213.0,0,0,747200.0,158683300.0,1.0,212.0,215.0,210.0,213.0,747200.0
2023-06-20,29820,214.0,218.0,213.0,218.0,0,0,841400.0,181681100.0,1.0,214.0,218.0,213.0,218.0,841400.0
2023-06-21,29820,217.0,223.0,216.0,223.0,0,0,881500.0,194408200.0,1.0,217.0,223.0,216.0,223.0,881500.0
2023-06-22,29820,223.0,223.0,211.0,213.0,0,0,1563500.0,338621600.0,1.0,223.0,223.0,211.0,213.0,1563500.0
2023-06-23,29820,214.0,217.0,207.0,209.0,0,0,863500.0,182341600.0,1.0,214.0,217.0,207.0,209.0,863500.0
2023-06-26,29820,207.0,209.0,203.0,206.0,0,0,789800.0,162436000.0,1.0,207.0,209.0,203.0,206.0,789800.0
2023-06-27,29820,205.0,206.0,201.0,204.0,0,0,481500.0,97806000.0,1.0,205.0,206.0,201.0,204.0,481500.0
2023-06-28,29820,204.0,206.0,201.0,204.0,0,0,675400.0,137404500.0,1.0,204.0,206.0,201.0,204.0,675400.0
2023-06-29,29820,201.0,204.0,201.0,201.0,0,0,289700.0,58509500.0,1.0,201.0,204.0,201.0,201.0,289700.0
2023-06-30,29820,202.0,205.0,201.0,205.0,0,0,434200.0,88207900.0,1.0,202.0,205.0,201.0,205.0,434200.0
2023-07-03,29820,211.0,212.0,208.0,209.0,0,0,622200.0,130767000.0,1.0,211.0,212.0,208.0,209.0,622200.0
2023-07-04,29820,207.0,212.0,207.0,210.0,0,0,545300.0,114313100.0,1.0,207.0,212.0,207.0,210.0,545300.0
2023-07-05,29820,210.0,212.0,209.0,209.0,0,0,382900.0,80520700.0,1.0,210.0,212.0,209.0,209.0,382900.0
2023-07-06,29820,207.0,209.0,204.0,207.0,0,0,481200.0,99369000.0,1.0,207.0,209.0,204.0,207.0,481200.0
2023-07-07,29820,205.0,207.0,202.0,203.0,0,0,439500.0,89830100.0,1.0,205.0,207.0,202.0,203.0,439500.0
2023-07-10,29820,202.0,205.0,202.0,202.0,0,0,265600.0,53861200.0,1.0,202.0,205.0,202.0,202.0,265600.0
2023-07-11,29820,203.0,204.0,199.0,199.0,0,0,687000.0,137828500.0,1.0,203.0,204.0,199.0,199.0,687000.0
2023-07-12,29820,200.0,200.0,194.0,194.0,0,0,602300.0,118304400.0,1.0,200.0,200.0,194.0,194.0,602300.0
2023-07-13,29820,194.0,194.0,191.0,194.0,0,0,329400.0,63589900.0,1.0,194.0,194.0,191.0,194.0,329400.0
2023-07-14,29820,194.0,197.0,191.0,191.0,0,0,263800.0,50859400.0,1.0,194.0,197.0,191.0,191.0,263800.0
2023-07-18,29820,191.0,193.0,191.0,191.0,0,0,205700.0,39476000.0,1.0,191.0,193.0,191.0,191.0,205700.0
2023-07-19,29820,193.0,196.0,193.0,195.0,0,0,410400.0,79516500.0,1.0,193.0,196.0,193.0,195.0,410400.0
2023-07-20,29820,196.0,199.0,195.0,198.0,0,0,220200.0,43435100.0,1.0,196.0,199.0,195.0,198.0,220200.0
2023-07-21,29820,197.0,198.0,194.0,196.0,0,0,415100.0,81396800.0,1.0,197.0,198.0,194.0,196.0,415100.0
2023-07-24,29820,196.0,198.0,196.0,198.0,0,0,328800.0,64777700.0,1.0,196.0,198.0,196.0,198.0,328800.0
2023-07-25,29820,198.0,198.0,196.0,197.0,0,0,237800.0,46886800.0,1.0,198.0,198.0,196.0,197.0,237800.0
2023-07-26,29820,197.0,197.0,194.0,195.0,0,0,239600.0,46889100.0,1.0,197.0,197.0,194.0,195.0,239600.0
2023-07-27,29820,194.0,197.0,193.0,196.0,0,0,246700.0,48113900.0,1.0,194.0,197.0,193.0,196.0,246700.0
2023-07-28,29820,193.0,193.0,187.0,192.0,0,0,1356900.0,258623300.0,1.0,193.0,193.0,187.0,192.0,1356900.0
2023-07-31,29820,192.0,193.0,188.0,191.0,0,0,394200.0,75257400.0,1.0,192.0,193.0,188.0,191.0,394200.0
2023-08-01,29820,190.0,191.0,189.0,190.0,0,0,204000.0,38712100.0,1.0,190.0,191.0,189.0,190.0,204000.0
2023-08-02,29820,188.0,189.0,186.0,187.0,0,0,539400.0,101332200.0,1.0,188.0,189.0,186.0,187.0,539400.0
2023-08-03,29820,186.0,189.0,185.0,188.0,0,0,282600.0,52986300.0,1.0,186.0,189.0,185.0,188.0,282600.0
2023-08-04,29820,190.0,197.0,190.0,194.0,0,0,622600.0,120732200.0,1.0,190.0,197.0,190.0,194.0,622600.0
2023-08-07,29820,195.0,197.0,194.0,194.0,0,0,322100.0,62851200.0,1.0,195.0,197.0,194.0,194.0,322100.0
2023-08-08,29820,195.0,195.0,190.0,193.0,0,0,622600.0,119638900.0,1.0,195.0,195.0,190.0,193.0,622600.0
2023-08-09,29820,193.0,196.0,192.0,196.0,0,0,343700.0,66616500.0,1.0,193.0,196.0,192.0,196.0,343700.0
2023-08-10,29820,196.0,200.0,193.0,199.0,0,0,740900.0,145609800.0,1.0,196.0,200.0,193.0,199.0,740900.0
2023-08-14,29820,204.0,205.0,199.0,200.0,0,0,986800.0,199258800.0,1.0,204.0,205.0,199.0,200.0,986800.0
2023-08-15,29820,199.0,201.0,197.0,201.0,0,0,538300.0,107163100.0,1.0,199.0,201.0,197.0,201.0,538300.0
2023-08-16,29820,199.0,199.0,193.0,193.0,0,0,584400.0,114361100.0,1.0,199.0,199.0,193.0,193.0,584400.0
2023-08-17,29820,193.0,194.0,190.0,194.0,0,0,511400.0,98405700.0,1.0,193.0,194.0,190.0,194.0,511400.0
2023-08-18,29820,194.0,198.0,193.0,197.0,0,0,550900.0,108197200.0,1.0,194.0,198.0,193.0,197.0,550900.0
2023-08-21,29820,197.0,203.0,196.0,201.0,0,0,570000.0,114072400.0,1.0,197.0,203.0,196.0,201.0,570000.0
2023-08-22,29820,201.0,201.0,197.0,201.0,0,0,384600.0,76674200.0,1.0,201.0,201.0,197.0,201.0,384600.0
2023-08-23,29820,198.0,202.0,197.0,202.0,0,0,408400.0,81825400.0,1.0,198.0,202.0,197.0,202.0,408400.0
2023-08-24,29820,201.0,202.0,200.0,202.0,0,0,171900.0,34574500.0,1.0,201.0,202.0,200.0,202.0,171900.0
2023-08-25,29820,201.0,206.0,200.0,205.0,0,0,547900.0,111301600.0,1.0,201.0,206.0,200.0,205.0,547900.0
2023-08-28,29820,207.0,211.0,206.0,210.0,0,0,808100.0,168843900.0,1.0,207.0,211.0,206.0,210.0,808100.0
2023-08-29,29820,212.0,229.0,210.0,229.0,0,0,3037000.0,676127100.0,1.0,212.0,229.0,210.0,229.0,3037000.0
2023-08-30,29820,229.0,231.0,223.0,224.0,0,0,1262600.0,286001100.0,1.0,229.0,231.0,223.0,224.0,1262600.0
2023-08-31,29820,224.0,230.0,221.0,223.0,0,0,768000.0,172509700.0,1.0,224.0,230.0,221.0,223.0,768000.0
2023-09-01,29820,222.0,223.0,220.0,222.0,0,0,422300.0,93500600.0,1.0,222.0,223.0,220.0,222.0,422300.0
2023-09-04,29820,222.0,222.0,217.0,218.0,0,0,499300.0,109408800.0,1.0,222.0,222.0,217.0,218.0,499300.0
2023-09-05,29820,217.0,220.0,214.0,220.0,0,0,451200.0,98001200.0,1.0,217.0,220.0,214.0,220.0,451200.0
2023-09-06,29820,216.0,222.0,216.0,220.0,0,0,300700.0,65664800.0,1.0,216.0,222.0,216.0,220.0,300700.0
2023-09-07,29820,222.0,232.0,221.0,231.0,0,0,1104600.0,250892300.0,1.0,222.0,232.0,221.0,231.0,1104600.0
2023-09-08,29820,237.0,249.0,237.0,249.0,0,0,3274300.0,798753100.0,1.0,237.0,249.0,237.0,249.0,3274300.0
2023-09-11,29820,254.0,256.0,241.0,245.0,0,0,2543300.0,629269200.0,1.0,254.0,256.0,241.0,245.0,2543300.0
2023-09-12,29820,245.0,257.0,244.0,247.0,0,0,1473100.0,368480100.0,1.0,245.0,257.0,244.0,247.0,1473100.0
2023-09-13,29820,244.0,245.0,237.0,240.0,0,0,1173300.0,282054300.0,1.0,244.0,245.0,237.0,240.0,1173300.0
2023-09-14,29820,240.0,247.0,238.0,244.0,0,0,602200.0,146747400.0,1.0,240.0,247.0,238.0,244.0,602200.0
2023-09-15,29820,246.0,255.0,246.0,255.0,0,0,1170000.0,294784400.0,1.0,246.0,255.0,246.0,255.0,1170000.0
2023-09-19,29820,254.0,257.0,249.0,256.0,0,0,934400.0,236376100.0,1.0,254.0,257.0,249.0,256.0,934400.0
2023-09-20,29820,261.0,268.0,256.0,256.0,0,0,1166100.0,304399200.0,1.0,261.0,268.0,256.0,256.0,1166100.0
2023-09-21,29820,254.0,257.0,250.0,251.0,0,0,976700.0,246533900.0,1.0,254.0,257.0,250.0,251.0,976700.0
2023-09-22,29820,253.0,262.0,251.0,261.0,0,0,1245900.0,320517700.0,1.0,253.0,262.0,251.0,261.0,1245900.0
2023-09-25,29820,259.0,259.0,252.0,252.0,0,0,706800.0,181147600.0,1.0,259.0,259.0,252.0,252.0,706800.0
2023-09-26,29820,252.0,252.0,246.0,249.0,0,0,657800.0,164256100.0,1.0,252.0,252.0,246.0,249.0,657800.0
2023-09-27,29820,248.0,251.0,246.0,250.0,0,0,551100.0,137137000.0,1.0,248.0,251.0,246.0,250.0,551100.0
2023-09-28,29820,252.0,254.0,246.0,249.0,0,0,653100.0,163382300.0,1.0,252.0,254.0,246.0,249.0,653100.0
2023-09-29,29820,252.0,266.0,252.0,263.0,0,0,1754800.0,457407700.0,1.0,252.0,266.0,252.0,263.0,1754800.0
2023-10-02,29820,274.0,284.0,268.0,279.0,0,0,2912600.0,808868900.0,1.0,274.0,284.0,268.0,279.0,2912600.0
2023-10-03,29820,272.0,274.0,261.0,265.0,0,0,2127000.0,566373000.0,1.0,272.0,274.0,261.0,265.0,2127000.0
2023-10-04,29820,252.0,258.0,244.0,246.0,0,0,2302400.0,576415700.0,1.0,252.0,258.0,244.0,246.0,2302400.0
2023-10-05,29820,258.0,267.0,255.0,262.0,0,0,2366800.0,618828500.0,1.0,258.0,267.0,255.0,262.0,2366800.0
2023-10-06,29820,264.0,265.0,254.0,257.0,0,0,1492500.0,385018400.0,1.0,264.0,265.0,254.0,257.0,1492500.0
2023-10-10,29820,262.0,268.0,256.0,268.0,0,0,1866600.0,489542200.0,1.0,262.0,268.0,256.0,268.0,1866600.0
2023-10-11,29820,270.0,276.0,263.0,264.0,0,0,1428700.0,385417000.0,1.0,270.0,276.0,263.0,264.0,1428700.0
2023-10-12,29820,260.0,263.0,254.0,263.0,0,0,1432200.0,369330800.0,1.0,260.0,263.0,254.0,263.0,1432200.0
2023-10-13,29820,264.0,268.0,257.0,258.0,0,0,661400.0,172704200.0,1.0,264.0,268.0,257.0,258.0,661400.0
2023-10-16,29820,258.0,263.0,255.0,263.0,0,0,762300.0,197665400.0,1.0,258.0,263.0,255.0,263.0,762300.0
2023-10-17,29820,268.0,276.0,266.0,267.0,0,0,1633600.0,441534900.0,1.0,268.0,276.0,266.0,267.0,1633600.0
2023-10-18,29820,262.0,266.0,259.0,266.0,0,0,851000.0,223073100.0,1.0,262.0,266.0,259.0,266.0,851000.0
2023-10-19,29820,263.0,272.0,262.0,263.0,0,0,846900.0,225815600.0,1.0,263.0,272.0,262.0,263.0,846900.0
2023-10-20,29820,262.0,262.0,251.0,259.0,0,0,1649200.0,423033800.0,1.0,262.0,262.0,251.0,259.0,1649200.0
2023-10-23,29820,258.0,263.0,255.0,257.0,0,0,626000.0,161900100.0,1.0,258.0,263.0,255.0,257.0,626000.0
2023-10-24,29820,256.0,260.0,253.0,259.0,0,0,796900.0,204880000.0,1.0,256.0,260.0,253.0,259.0,796900.0
2023-10-25,29820,260.0,264.0,256.0,256.0,0,0,1015600.0,264170500.0,1.0,260.0,264.0,256.0,256.0,1015600.0
2023-10-26,29820,254.0,255.0,248.0,249.0,0,0,1352600.0,339929200.0,1.0,254.0,255.0,248.0,249.0,1352600.0
2023-10-27,29820,249.0,255.0,248.0,255.0,0,0,832700.0,208442900.0,1.0,249.0,255.0,248.0,255.0,832700.0
2023-10-30,29820,252.0,256.0,248.0,250.0,0,0,1153200.0,289239200.0,1.0,252.0,256.0,248.0,250.0,1153200.0
2023-10-31,29820,251.0,254.0,246.0,254.0,0,0,650100.0,162324800.0,1.0,251.0,254.0,246.0,254.0,650100.0
2023-11-01,29820,255.0,256.0,253.0,256.0,0,0,492600.0,125448100.0,1.0,255.0,256.0,253.0,256.0,492600.0
2023-11-02,29820,257.0,259.0,253.0,253.0,0,0,669700.0,171227500.0,1.0,257.0,259.0,253.0,253.0,669700.0
2023-11-06,29820,255.0,260.0,250.0,259.0,0,0,749100.0,192026300.0,1.0,255.0,260.0,250.0,259.0,749100.0
2023-11-07,29820,260.0,263.0,254.0,255.0,0,0,914400.0,236322400.0,1.0,260.0,263.0,254.0,255.0,914400.0
2023-11-08,29820,256.0,256.0,247.0,251.0,0,0,967900.0,243182300.0,1.0,256.0,256.0,247.0,251.0,967900.0
2023-11-09,29820,252.0,255.0,248.0,253.0,0,0,855700.0,215319000.0,1.0,252.0,255.0,248.0,253.0,855700.0
2023-11-10,29820,237.0,249.0,227.0,246.0,0,0,1894400.0,450570300.0,1.0,237.0,249.0,227.0,246.0,1894400.0
2023-11-13,29820,247.0,248.0,237.0,245.0,0,0,937900.0,225931500.0,1.0,247.0,248.0,237.0,245.0,937900.0
2023-11-14,29820,244.0,244.0,234.0,234.0,0,0,994700.0,235560000.0,1.0,244.0,244.0,234.0,234.0,994700.0
2023-11-15,29820,237.0,244.0,236.0,238.0,0,0,1106600.0,265092400.0,1.0,237.0,244.0,236.0,238.0,1106600.0
2023-11-16,29820,237.0,239.0,231.0,233.0,0,0,888000.0,207953200.0,1.0,237.0,239.0,231.0,233.0,888000.0
2023-11-17,29820,233.0,240.0,233.0,236.0,0,0,694200.0,164385800.0,1.0,233.0,240.0,233.0,236.0,694200.0
2023-11-20,29820,235.0,236.0,231.0,232.0,0,0,731200.0,170496100.0,1.0,235.0,236.0,231.0,232.0,731200.0
2023-11-21,29820,228.0,231.0,226.0,230.0,0,0,932800.0,213001000.0,1.0,228.0,231.0,226.0,230.0,932800.0
2023-11-22,29820,232.0,241.0,231.0,240.0,0,0,1032900.0,245261700.0,1.0,232.0,241.0,231.0,240.0,1032900.0
2023-11-24,29820,243.0,252.0,242.0,250.0,0,0,1292200.0,320218700.0,1.0,243.0,252.0,242.0,250.0,1292200.0
2023-11-27,29820,249.0,250.0,242.0,244.0,0,0,844400.0,207363800.0,1.0,249.0,250.0,242.0,244.0,844400.0
2023-11-28,29820,247.0,248.0,243.0,245.0,0,0,567800.0,139088800.0,1.0,247.0,248.0,243.0,245.0,567800.0
2023-11-29,29820,245.0,248.0,243.0,247.0,0,0,632800.0,155500300.0,1.0,245.0,248.0,243.0,247.0,632800.0
2023-11-30,29820,245.0,247.0,238.0,246.0,0,0,834300.0,201994500.0,1.0,245.0,247.0,238.0,246.0,834300.0
2023-12-01,29820,243.0,245.0,239.0,240.0,0,0,922400.0,222846900.0,1.0,243.0,245.0,239.0,240.0,922400.0
2023-12-04,29820,239.0,247.0,239.0,245.0,0,0,882800.0,214930500.0,1.0,239.0,247.0,239.0,245.0,882800.0
2023-12-05,29820,247.0,252.0,245.0,245.0,0,0,971500.0,241234200.0,1.0,247.0,252.0,245.0,245.0,971500.0
2023-12-06,29820,243.0,246.0,242.0,246.0,0,0,572800.0,139560700.0,1.0,243.0,246.0,242.0,246.0,572800.0
2023-12-07,29820,244.0,245.0,242.0,243.0,0,0,572600.0,139733000.0,1.0,244.0,245.0,242.0,243.0,572600.0
2023-12-08,29820,241.0,243.0,236.0,238.0,0,0,1190700.0,284814100.0,1.0,241.0,243.0,236.0,238.0,1190700.0
2023-12-11,29820,241.0,243.0,238.0,239.0,0,0,500300.0,120193300.0,1.0,241.0,243.0,238.0,239.0,500300.0
2023-12-12,29820,240.0,241.0,234.0,236.0,0,0,634300.0,150701800.0,1.0,240.0,241.0,234.0,236.0,634300.0
2023-12-13,29820,237.0,239.0,235.0,237.0,0,0,548400.0,130123600.0,1.0,237.0,239.0,235.0,237.0,548400.0
2023-12-14,29820,238.0,240.0,231.0,234.0,0,0,950300.0,224064800.0,1.0,238.0,240.0,231.0,234.0,950300.0
2023-12-15,29820,233.0,237.0,233.0,236.0,0,0,407000.0,95617900.0,1.0,233.0,237.0,233.0,236.0,407000.0
2023-12-18,29820,234.0,238.0,228.0,231.0,0,0,956500.0,220992300.0,1.0,234.0,238.0,228.0,231.0,956500.0
2023-12-19,29820,231.0,231.0,227.0,231.0,0,0,471900.0,108173800.0,1.0,231.0,231.0,227.0,231.0,471900.0
2023-12-20,29820,232.0,234.0,230.0,231.0,0,0,576400.0,133683200.0,1.0,232.0,234.0,230.0,231.0,576400.0
2023-12-21,29820,228.0,236.0,227.0,234.0,0,0,1005100.0,233674700.0,1.0,228.0,236.0,227.0,234.0,1005100.0
2023-12-22,29820,234.0,234.0,231.0,232.0,0,0,487000.0,113275900.0,1.0,234.0,234.0,231.0,232.0,487000.0
2023-12-25,29820,234.0,237.0,231.0,234.0,0,0,495200.0,115526200.0,1.0,234.0,237.0,231.0,234.0,495200.0
2023-12-26,29820,231.0,232.0,228.0,229.0,0,0,1169600.0,268681700.0,1.0,231.0,232.0,228.0,229.0,1169600.0
2023-12-27,29820,228.0,230.0,226.0,229.0,0,0,567000.0,129220100.0,1.0,228.0,230.0,226.0,229.0,567000.0
2023-12-28,29820,224.0,234.0,223.0,232.0,0,0,1055800.0,242981800.0,1.0,224.0,234.0,223.0,232.0,1055800.0
2023-12-29,29820,236.0,239.0,234.0,236.0,0,0,688800.0,162604400.0,1.0,236.0,239.0,234.0,236.0,688800.0
2024-01-04,29820,232.0,237.0,231.0,237.0,0,0,420900.0,98827600.0,1.0,232.0,237.0,231.0,237.0,420900.0
2024-01-05,29820,236.0,240.0,236.0,238.0,0,0,513800.0,122399700.0,1.0,236.0,240.0,236.0,238.0,513800.0
2024-01-09,29820,236.0,242.0,235.0,241.0,0,0,733000.0,174493000.0,1.0,236.0,242.0,235.0,241.0,733000.0
2024-01-10,29820,243.0,251.0,243.0,244.0,0,0,1226400.0,301730700.0,1.0,243.0,251.0,243.0,244.0,1226400.0
2024-01-11,29820,244.0,245.0,241.0,242.0,0,0,770400.0,187012800.0,1.0,244.0,245.0,241.0,242.0,770400.0
2024-01-12,29820,239.0,239.0,229.0,230.0,0,0,1512600.0,352711600.0,1.0,239.0,239.0,229.0,230.0,1512600.0
2024-01-15,29820,230.0,232.0,229.0,229.0,0,0,627500.0,144415200.0,1.0,230.0,232.0,229.0,229.0,627500.0
2024-01-16,29820,230.0,232.0,228.0,230.0,0,0,616100.0,141527700.0,1.0,230.0,232.0,228.0,230.0,616100.0
2024-01-17,29820,231.0,233.0,225.0,226.0,0,0,825600.0,188647900.0,1.0,231.0,233.0,225.0,226.0,825600.0
2024-01-18,29820,225.0,227.0,224.0,225.0,0,0,477100.0,107472000.0,1.0,225.0,227.0,224.0,225.0,477100.0
2024-01-19,29820,225.0,226.0,222.0,224.0,0,0,522200.0,116962800.0,1.0,225.0,226.0,222.0,224.0,522200.0
2024-01-22,29820,225.0,229.0,225.0,227.0,0,0,485700.0,110111300.0,1.0,225.0,229.0,225.0,227.0,485700.0
2024-01-23,29820,229.0,229.0,226.0,226.0,0,0,515800.0,117310000.0,1.0,229.0,229.0,226.0,226.0,515800.0
2024-01-24,29820,225.0,227.0,224.0,225.0,0,0,418300.0,94160600.0,1.0,225.0,227.0,224.0,225.0,418300.0
2024-01-25,29820,226.0,230.0,225.0,228.0,0,0,686900.0,156466100.0,1.0,226.0,230.0,225.0,228.0,686900.0
2024-01-26,29820,229.0,235.0,228.0,230.0,0,0,769700.0,177945500.0,1.0,229.0,235.0,228.0,230.0,769700.0
2024-01-29,29820,228.0,232.0,227.0,232.0,0,0,514700.0,118157300.0,1.0,228.0,232.0,227.0,232.0,514700.0
2024-01-30,29820,234.0,234.0,230.0,232.0,0,0,804600.0,186651500.0,1.0,234.0,234.0,230.0,232.0,804600.0
2024-01-31,29820,232.0,238.0,232.0,236.0,0,0,674600.0,158151600.0,1.0,232.0,238.0,232.0,236.0,674600.0
2024-02-01,29820,235.0,236.0,232.0,232.0,0,0,384600.0,89824700.0,1.0,235.0,236.0,232.0,232.0,384600.0
2024-02-02,29820,233.0,235.0,231.0,232.0,0,0,385300.0,89714400.0,1.0,233.0,235.0,231.0,232.0,385300.0
2024-02-05,29820,232.0,238.0,229.0,238.0,0,0,569600.0,133339700.0,1.0,232.0,238.0,229.0,238.0,569600.0
2024-02-06,29820,236.0,238.0,235.0,235.0,0,0,418000.0,98638500.0,1.0,236.0,238.0,235.0,235.0,418000.0
2024-02-07,29820,233.0,236.0,232.0,234.0,0,0,524400.0,122719700.0,1.0,233.0,236.0,232.0,234.0,524400.0
2024-02-08,29820,234.0,234.0,229.0,231.0,0,0,714300.0,165353700.0,1.0,234.0,234.0,229.0,231.0,714300.0
2024-02-09,29820,241.0,262.0,240.0,254.0,0,0,7080500.0,1794118000.0,1.0,241.0,262.0,240.0,254.0,7080500.0
2024-02-13,29820,254.0,258.0,240.0,242.0,0,0,2236800.0,554573900.0,1.0,254.0,258.0,240.0,242.0,2236800.0
2024-02-14,29820,241.0,244.0,235.0,237.0,0,0,995200.0,237713500.0,1.0,241.0,244.0,235.0,237.0,995200.0
2024-02-15,29820,239.0,239.0,232.0,232.0,0,0,755500.0,177235400.0,1.0,239.0,239.0,232.0,232.0,755500.0
2024-02-16,29820,234.0,236.0,232.0,235.0,0,0,684500.0,160398500.0,1.0,234.0,236.0,232.0,235.0,684500.0
2024-02-19,29820,235.0,241.0,235.0,241.0,0,0,726500.0,172703800.0,1.0,235.0,241.0,235.0,241.0,726500.0
2024-02-20,29820,243.0,244.0,236.0,237.0,0,0,467300.0,111744300.0,1.0,243.0,244.0,236.0,237.0,467300.0
2024-02-21,29820,237.0,237.0,230.0,231.0,0,0,901200.0,209696500.0,1.0,237.0,237.0,230.0,231.0,901200.0
2024-02-22,29820,235.0,235.0,230.0,234.0,0,0,608300.0,141314200.0,1.0,235.0,235.0,230.0,234.0,608300.0
2024-02-26,29820,236.0,236.0,232.0,232.0,0,0,432300.0,100693800.0,1.0,236.0,236.0,232.0,232.0,432300.0
2024-02-27,29820,233.0,235.0,230.0,233.0,0,0,376600.0,87733700.0,1.0,233.0,235.0,230.0,233.0,376600.0
2024-02-28,29820,232.0,235.0,232.0,233.0,0,0,534200.0,124366400.0,1.0,232.0,235.0,232.0,233.0,534200.0
2024-02-29,29820,234.0,234.0,231.0,232.0,0,0,378700.0,87957700.0,1.0,234.0,234.0,231.0,232.0,378700.0
2024-03-01,29820,232.0,233.0,227.0,231.0,0,0,844000.0,193902900.0,1.0,232.0,233.0,227.0,231.0,844000.0
2024-03-04,29820,230.0,231.0,227.0,229.0,0,0,752100.0,172179500.0,1.0,230.0,231.0,227.0,229.0,752100.0
2024-03-05,29820,227.0,240.0,226.0,239.0,0,0,1228400.0,287022800.0,1.0,227.0,240.0,226.0,239.0,1228400.0
2024-03-06,29820,238.0,246.0,237.0,245.0,0,0,839800.0,203699400.0,1.0,238.0,246.0,237.0,245.0,839800.0
2024-03-07,29820,247.0,250.0,242.0,243.0,0,0,796600.0,196099000.0,1.0,247.0,250.0,242.0,243.0,796600.0
2024-03-08,29820,240.0,242.0,238.0,239.0,0,0,672900.0,161376100.0,1.0,240.0,242.0,238.0,239.0,672900.0
2024-03-11,29820,236.0,236.0,231.0,233.0,0,0,841500.0,196573300.0,1.0,236.0,236.0,231.0,233.0,841500.0
2024-03-12,29820,232.0,235.0,230.0,233.0,0,0,608100.0,140874200.0,1.0,232.0,235.0,230.0,233.0,608100.0
2024-03-13,29820,234.0,237.0,230.0,230.0,0,0,734600.0,171355200.0,1.0,234.0,237.0,230.0,230.0,734600.0
2024-03-14,29820,234.0,237.0,232.0,236.0,0,0,706300.0,165667600.0,1.0,234.0,237.0,232.0,236.0,706300.0
2024-03-15,29820,235.0,236.0,233.0,234.0,0,0,368700.0,86399300.0,1.0,235.0,236.0,233.0,234.0,368700.0
2024-03-18,29820,235.0,238.0,233.0,233.0,0,0,388600.0,91165500.0,1.0,235.0,238.0,233.0,233.0,388600.0
2024-03-19,29820,233.0,241.0,233.0,239.0,0,0,637000.0,150703500.0,1.0,233.0,241.0,233.0,239.0,637000.0
2024-03-21,29820,247.0,252.0,244.0,244.0,0,0,1148500.0,284392000.0,1.0,247.0,252.0,244.0,244.0,1148500.0
2024-03-22,29820,245.0,247.0,241.0,247.0,0,0,440500.0,107848100.0,1.0,245.0,247.0,241.0,247.0,440500.0
2024-03-25,29820,246.0,247.0,244.0,246.0,0,0,377600.0,92678800.0,1.0,246.0,247.0,244.0,246.0,377600.0
2024-03-26,29820,244.0,246.0,243.0,244.0,0,0,266800.0,65163700.0,1.0,244.0,246.0,243.0,244.0,266800.0
2024-03-27,29820,246.0,250.0,245.0,247.0,0,0,528300.0,130759100.0,1.0,246.0,250.0,245.0,247.0,528300.0
2024-03-28,29820,248.0,254.0,247.0,249.0,0,0,841200.0,211261100.0,1.0,248.0,254.0,247.0,249.0,841200.0
2024-03-29,29820,256.0,267.0,253.0,267.0,0,0,1663300.0,436419000.0,1.0,256.0,267.0,253.0,267.0,1663300.0
2024-04-01,29820,270.0,270.0,258.0,259.0,0,0,1066500.0,281372600.0,1.0,270.0,270.0,258.0,259.0,1066500.0
2024-04-02,29820,257.0,258.0,245.0,245.0,0,0,916400.0,230541500.0,1.0,257.0,258.0,245.0,245.0,916400.0
2024-04-03,29820,247.0,248.0,242.0,243.0,0,0,575500.0,140975400.0,1.0,247.0,248.0,242.0,243.0,575500.0
2024-04-04,29820,245.0,246.0,241.0,243.0,0,0,426900.0,104015300.0,1.0,245.0,246.0,241.0,243.0,426900.0
2024-04-05,29820,241.0,242.0,236.0,240.0,0,0,578000.0,138201900.0,1.0,241.0,242.0,236.0,240.0,578000.0
2024-04-08,29820,241.0,243.0,237.0,241.0,0,0,516700.0,124007600.0,1.0,241.0,243.0,237.0,241.0,516700.0
2024-04-09,29820,243.0,248.0,242.0,245.0,0,0,430000.0,105337900.0,1.0,243.0,248.0,242.0,245.0,430000.0
2024-04-10,29820,244.0,244.0,241.0,243.0,0,0,467200.0,113264700.0,1.0,244.0,244.0,241.0,243.0,467200.0
2024-04-11,29820,241.0,243.0,239.0,241.0,0,0,320600.0,77300500.0,1.0,241.0,243.0,239.0,241.0,320600.0
2024-04-12,29820,242.0,244.0,241.0,242.0,0,0,329500.0,79944700.0,1.0,242.0,244.0,241.0,242.0,329500.0
2024-04-15,29820,241.0,242.0,239.0,241.0,0,0,240900.0,57998500.0,1.0,241.0,242.0,239.0,241.0,240900.0
2024-04-16,29820,240.0,240.0,236.0,237.0,0,0,675700.0,161009200.0,1.0,240.0,240.0,236.0,237.0,675700.0
2024-04-17,29820,237.0,239.0,234.0,235.0,0,0,672500.0,158453800.0,1.0,237.0,239.0,234.0,235.0,672500.0
2024-04-18,29820,234.0,240.0,234.0,239.0,0,0,367300.0,87158200.0,1.0,234.0,240.0,234.0,239.0,367300.0
2024-04-19,29820,237.0,238.0,231.0,233.0,0,0,617900.0,144708400.0,1.0,237.0,238.0,231.0,233.0,617900.0
2024-04-22,29820,234.0,238.0,233.0,236.0,0,0,483600.0,113661400.0,1.0,234.0,238.0,233.0,236.0,483600.0
2024-04-23,29820,240.0,242.0,237.0,239.0,0,0,383300.0,92032900.0,1.0,240.0,242.0,237.0,239.0,383300.0
2024-04-24,29820,242.0,246.0,240.0,244.0,0,0,527200.0,128479700.0,1.0,242.0,246.0,240.0,244.0,527200.0
2024-04-25,29820,242.0,244.0,240.0,241.0,0,0,353000.0,85496400.0,1.0,242.0,244.0,240.0,241.0,353000.0
2024-04-26,29820,239.0,242.0,237.0,240.0,0,0,727200.0,174364600.0,1.0,239.0,242.0,237.0,240.0,727200.0
2024-04-30,29820,244.0,244.0,240.0,243.0,0,0,409100.0,99347800.0,1.0,244.0,244.0,240.0,243.0,409100.0
2024-05-01,29820,240.0,243.0,239.0,243.0,0,0,311900.0,75041100.0,1.0,240.0,243.0,239.0,243.0,311900.0
2024-05-02,29820,243.0,246.0,242.0,245.0,0,0,397000.0,96974700.0,1.0,243.0,246.0,242.0,245.0,397000.0
2024-05-07,29820,245.0,250.0,244.0,250.0,0,0,344500.0,85251300.0,1.0,245.0,250.0,244.0,250.0,344500.0
2024-05-08,29820,251.0,252.0,249.0,249.0,0,0,375600.0,94013600.0,1.0,251.0,252.0,249.0,249.0,375600.0
2024-05-09,29820,249.0,253.0,247.0,251.0,0,0,381200.0,95550500.0,1.0,249.0,253.0,247.0,251.0,381200.0
2024-05-10,29820,250.0,252.0,248.0,250.0,0,0,281700.0,70443900.0,1.0,250.0,252.0,248.0,250.0,281700.0
2024-05-13,29820,250.0,250.0,245.0,247.0,0,0,368300.0,91287400.0,1.0,250.0,250.0,245.0,247.0,368300.0
2024-05-14,29820,246.0,250.0,243.0,249.0,0,0,528500.0,130195300.0,1.0,246.0,250.0,243.0,249.0,528500.0
2024-05-15,29820,249.0,255.0,240.0,241.0,0,0,800800.0,198095800.0,1.0,249.0,255.0,240.0,241.0,800800.0
2024-05-16,29820,242.0,244.0,237.0,238.0,0,0,496900.0,119074400.0,1.0,242.0,244.0,237.0,238.0,496900.0
2024-05-17,29820,238.0,241.0,238.0,240.0,0,0,274400.0,65664900.0,1.0,238.0,241.0,238.0,240.0,274400.0
2024-05-20,29820,242.0,247.0,241.0,241.0,0,0,298600.0,72695800.0,1.0,242.0,247.0,241.0,241.0,298600.0
2024-05-21,29820,241.0,242.0,237.0,238.0,0,0,437500.0,104511600.0,1.0,241.0,242.0,237.0,238.0,437500.0
2024-05-22,29820,238.0,239.0,236.0,236.0,0,0,230000.0,54601500.0,1.0,238.0,239.0,236.0,236.0,230000.0
2024-05-23,29820,237.0,238.0,235.0,235.0,0,0,234400.0,55382400.0,1.0,237.0,238.0,235.0,235.0,234400.0
2024-05-24,29820,233.0,233.0,230.0,231.0,0,0,697100.0,161411900.0,1.0,233.0,233.0,230.0,231.0,697100.0
2024-05-27,29820,231.0,232.0,228.0,229.0,0,0,539800.0,124095300.0,1.0,231.0,232.0,228.0,229.0,539800.0
2024-05-28,29820,231.0,233.0,229.0,229.0,0,0,262600.0,60591500.0,1.0,231.0,233.0,229.0,229.0,262600.0
2024-05-29,29820,229.0,229.0,225.0,225.0,0,0,569600.0,129445500.0,1.0,229.0,229.0,225.0,225.0,569600.0
2024-05-30,29820,222.0,226.0,221.0,223.0,0,0,599100.0,133490600.0,1.0,222.0,226.0,221.0,223.0,599100.0
2024-05-31,29820,225.0,232.0,225.0,231.0,0,0,435200.0,99650300.0,1.0,225.0,232.0,225.0,231.0,435200.0
2024-06-03,29820,234.0,235.0,230.0,230.0,0,0,336000.0,78115200.0,1.0,234.0,235.0,230.0,230.0,336000.0
2024-06-04,29820,230.0,231.0,228.0,229.0,0,0,250100.0,57387700.0,1.0,230.0,231.0,228.0,229.0,250100.0
2024-06-05,29820,228.0,230.0,226.0,226.0,0,0,327600.0,74461200.0,1.0,228.0,230.0,226.0,226.0,327600.0
2024-06-06,29820,228.0,228.0,225.0,225.0,0,0,351900.0,79643100.0,1.0,228.0,228.0,225.0,225.0,351900.0
2024-06-07,29820,225.0,226.0,223.0,225.0,0,0,283400.0,63742800.0,1.0,225.0,226.0,223.0,225.0,283400.0
2024-06-10,29820,224.0,231.0,224.0,229.0,0,0,299400.0,68304000.0,1.0,224.0,231.0,224.0,229.0,299400.0
2024-06-11,29820,230.0,231.0,227.0,229.0,0,0,241700.0,55406600.0,1.0,230.0,231.0,227.0,229.0,241700.0
2024-06-12,29820,230.0,236.0,227.0,227.0,0,0,702400.0,162520700.0,1.0,230.0,236.0,227.0,227.0,702400.0
2024-06-13,29820,230.0,230.0,225.0,226.0,0,0,381000.0,86613400.0,1.0,230.0,230.0,225.0,226.0,381000.0
2024-06-14,29820,225.0,231.0,225.0,229.0,0,0,321900.0,73420000.0,1.0,225.0,231.0,225.0,229.0,321900.0
2024-06-17,29820,228.0,229.0,225.0,228.0,0,0,255800.0,58113000.0,1.0,228.0,229.0,225.0,228.0,255800.0
2024-06-18,29820,229.0,229.0,226.0,227.0,0,0,150700.0,34320500.0,1.0,229.0,229.0,226.0,227.0,150700.0
2024-06-19,29820,227.0,230.0,227.0,230.0,0,0,246700.0,56248700.0,1.0,227.0,230.0,227.0,230.0,246700.0
2024-06-20,29820,230.0,233.0,226.0,227.0,0,0,315900.0,72178600.0,1.0,230.0,233.0,226.0,227.0,315900.0
2024-06-21,29820,227.0,230.0,227.0,228.0,0,0,234300.0,53485700.0,1.0,227.0,230.0,227.0,228.0,234300.0
2024-06-24,29820,228.0,231.0,227.0,229.0,0,0,406600.0,92948800.0,1.0,228.0,231.0,227.0,229.0,406600.0
2024-06-25,29820,231.0,234.0,230.0,231.0,0,0,364000.0,84449300.0,1.0,231.0,234.0,230.0,231.0,364000.0
2024-06-26,29820,233.0,233.0,231.0,231.0,0,0,563600.0,130897100.0,1.0,233.0,233.0,231.0,231.0,563600.0
2024-06-27,29820,230.0,231.0,228.0,228.0,0,0,255600.0,58598200.0,1.0,230.0,231.0,228.0,228.0,255600.0
2024-06-28,29820,229.0,230.0,228.0,228.0,0,0,277500.0,63543500.0,1.0,229.0,230.0,228.0,228.0,277500.0
2024-07-01,29820,236.0,240.0,231.0,234.0,0,0,1146900.0,269653400.0,1.0,236.0,240.0,231.0,234.0,1146900.0
2024-07-02,29820,234.0,234.0,231.0,234.0,0,0,514600.0,119880900.0,1.0,234.0,234.0,231.0,234.0,514600.0
2024-07-03,29820,234.0,234.0,232.0,233.0,0,0,292500.0,68188700.0,1.0,234.0,234.0,232.0,233.0,292500.0
2024-07-04,29820,234.0,237.0,232.0,234.0,0,0,326700.0,76627200.0,1.0,234.0,237.0,232.0,234.0,326700.0
2024-07-05,29820,235.0,235.0,231.0,231.0,0,0,294000.0,68396000.0,1.0,235.0,235.0,231.0,231.0,294000.0
2024-07-08,29820,231.0,232.0,228.0,230.0,0,0,363100.0,83438500.0,1.0,231.0,232.0,228.0,230.0,363100.0
2024-07-09,29820,229.0,231.0,227.0,227.0,0,0,551800.0,126000500.0,1.0,229.0,231.0,227.0,227.0,551800.0
2024-07-10,29820,229.0,229.0,225.0,227.0,0,0,524700.0,119174200.0,1.0,229.0,229.0,225.0,227.0,524700.0
2024-07-11,29820,229.0,231.0,227.0,229.0,0,0,455200.0,104272600.0,1.0,229.0,231.0,227.0,229.0,455200.0
2024-07-12,29820,232.0,235.0,229.0,231.0,0,0,826000.0,191835200.0,1.0,232.0,235.0,229.0,231.0,826000.0
2024-07-16,29820,234.0,234.0,231.0,232.0,0,0,265100.0,61740800.0,1.0,234.0,234.0,231.0,232.0,265100.0
2024-07-17,29820,232.0,234.0,232.0,234.0,0,0,234000.0,54487600.0,1.0,232.0,234.0,232.0,234.0,234000.0
2024-07-18,29820,232.0,234.0,232.0,232.0,0,0,297700.0,69330700.0,1.0,232.0,234.0,232.0,232.0,297700.0
2024-07-19,29820,232.0,232.0,228.0,229.0,0,0,377100.0,86653500.0,1.0,232.0,232.0,228.0,229.0,377100.0
2024-07-22,29820,229.0,230.0,227.0,228.0,0,0,406900.0,93012600.0,1.0,229.0,230.0,227.0,228.0,406900.0
2024-07-23,29820,228.0,230.0,227.0,229.0,0,0,257000.0,58666100.0,1.0,228.0,230.0,227.0,229.0,257000.0
2024-07-24,29820,229.0,229.0,226.0,226.0,0,0,417500.0,94919400.0,1.0,229.0,229.0,226.0,226.0,417500.0
2024-07-25,29820,226.0,227.0,224.0,224.0,0,0,567700.0,127778100.0,1.0,226.0,227.0,224.0,224.0,567700.0
2024-07-26,29820,226.0,229.0,226.0,226.0,0,0,353700.0,80272300.0,1.0,226.0,229.0,226.0,226.0,353700.0
2024-07-29,29820,228.0,230.0,227.0,229.0,0,0,280100.0,63989300.0,1.0,228.0,230.0,227.0,229.0,280100.0
2024-07-30,29820,229.0,229.0,226.0,227.0,0,0,645200.0,146567800.0,1.0,229.0,229.0,226.0,227.0,645200.0
2024-07-31,29820,226.0,230.0,224.0,230.0,0,0,483100.0,109700300.0,1.0,226.0,230.0,224.0,230.0,483100.0
2024-08-01,29820,228.0,228.0,219.0,220.0,0,0,984900.0,218794700.0,1.0,228.0,228.0,219.0,220.0,984900.0
2024-08-02,29820,213.0,214.0,206.0,206.0,0,0,1030300.0,217090100.0,1.0,213.0,214.0,206.0,206.0,1030300.0
2024-08-05,29820,183.0,185.0,159.0,162.0,0,0,2324000.0,407422100.0,1.0,183.0,185.0,159.0,162.0,2324000.0
2024-08-06,29820,172.0,189.0,172.0,184.0,0,0,1095600.0,199743200.0,1.0,172.0,189.0,172.0,184.0,1095600.0
2024-08-07,29820,179.0,195.0,179.0,189.0,0,0,1010400.0,188415600.0,1.0,179.0,195.0,179.0,189.0,1010400.0
2024-08-08,29820,185.0,193.0,185.0,192.0,0,0,668700.0,126766100.0,1.0,185.0,193.0,185.0,192.0,668700.0
2024-08-09,29820,197.0,201.0,187.0,193.0,0,0,1142300.0,221864800.0,1.0,197.0,201.0,187.0,193.0,1142300.0
2024-08-13,29820,194.0,203.0,191.0,203.0,0,0,530300.0,104501000.0,1.0,194.0,203.0,191.0,203.0,530300.0
2024-08-14,29820,204.0,211.0,202.0,208.0,0,0,608800.0,125831800.0,1.0,204.0,211.0,202.0,208.0,608800.0
2024-08-15,29820,209.0,212.0,207.0,208.0,0,0,517800.0,108266500.0,1.0,209.0,212.0,207.0,208.0,517800.0
2024-08-16,29820,209.0,214.0,207.0,212.0,0,0,606700.0,127438900.0,1.0,209.0,214.0,207.0,212.0,606700.0
2024-08-19,29820,212.0,212.0,206.0,206.0,0,0,382400.0,79887300.0,1.0,212.0,212.0,206.0,206.0,382400.0
2024-08-20,29820,207.0,211.0,207.0,210.0,0,0,283900.0,59237000.0,1.0,207.0,211.0,207.0,210.0,283900.0
2024-08-21,29820,207.0,208.0,205.0,206.0,0,0,349000.0,72079800.0,1.0,207.0,208.0,205.0,206.0,349000.0
2024-08-22,29820,208.0,208.0,205.0,208.0,0,0,177800.0,36809900.0,1.0,208.0,208.0,205.0,208.0,177800.0
2024-08-23,29820,208.0,209.0,207.0,208.0,0,0,256900.0,53426200.0,1.0,208.0,209.0,207.0,208.0,256900.0
2024-08-26,29820,206.0,208.0,203.0,207.0,0,0,248500.0,51171400.0,1.0,206.0,208.0,203.0,207.0,248500.0
2024-08-27,29820,207.0,214.0,207.0,212.0,0,0,640600.0,135326500.0,1.0,207.0,214.0,207.0,212.0,640600.0
2024-08-28,29820,210.0,210.0,207.0,208.0,0,0,277100.0,57814600.0,1.0,210.0,210.0,207.0,208.0,277100.0
2024-08-29,29820,207.0,208.0,206.0,207.0,0,0,221700.0,45948800.0,1.0,207.0,208.0,206.0,207.0,221700.0
2024-08-30,29820,210.0,213.0,208.0,213.0,0,0,335200.0,70586400.0,1.0,210.0,213.0,208.0,213.0,335200.0
2024-09-02,29820,215.0,215.0,211.0,212.0,0,0,270900.0,57802700.0,1.0,215.0,215.0,211.0,212.0,270900.0
2024-09-03,29820,214.0,216.0,212.0,213.0,0,0,239500.0,51263400.0,1.0,214.0,216.0,212.0,213.0,239500.0
2024-09-04,29820,208.0,209.0,204.0,204.0,0,0,663100.0,137006500.0,1.0,208.0,209.0,204.0,204.0,663100.0
2024-09-05,29820,204.0,209.0,202.0,208.0,0,0,399600.0,82457500.0,1.0,204.0,209.0,202.0,208.0,399600.0
2024-09-06,29820,208.0,208.0,203.0,204.0,0,0,262400.0,53904000.0,1.0,208.0,208.0,203.0,204.0,262400.0
2024-09-09,29820,198.0,205.0,197.0,201.0,0,0,525000.0,105157700.0,1.0,198.0,205.0,197.0,201.0,525000.0
2024-09-10,29820,203.0,206.0,201.0,201.0,0,0,219900.0,44764200.0,1.0,203.0,206.0,201.0,201.0,219900.0
2024-09-11,29820,201.0,201.0,194.0,196.0,0,0,612100.0,120617300.0,1.0,201.0,201.0,194.0,196.0,612100.0
2024-09-12,29820,201.0,204.0,199.0,204.0,0,0,406500.0,81942500.0,1.0,201.0,204.0,199.0,204.0,406500.0
2024-09-13,29820,202.0,202.0,198.0,200.0,0,0,239600.0,48126000.0,1.0,202.0,202.0,198.0,200.0,239600.0
2024-09-17,29820,201.0,203.0,199.0,203.0,0,0,323900.0,64945700.0,1.0,201.0,203.0,199.0,203.0,323900.0
2024-09-18,29820,203.0,209.0,203.0,205.0,0,0,421100.0,86557100.0,1.0,203.0,209.0,203.0,205.0,421100.0
2024-09-19,29820,206.0,211.0,205.0,210.0,0,0,352400.0,73289500.0,1.0,206.0,211.0,205.0,210.0,352400.0
2024-09-20,29820,211.0,212.0,209.0,211.0,0,0,387900.0,81848700.0,1.0,211.0,212.0,209.0,211.0,387900.0
2024-09-24,29820,211.0,212.0,208.0,209.0,0,0,275500.0,57835800.0,1.0,211.0,212.0,208.0,209.0,275500.0
2024-09-25,29820,209.0,211.0,208.0,210.0,0,0,126100.0,26410500.0,1.0,209.0,211.0,208.0,210.0,126100.0
2024-09-26,29820,211.0,212.0,209.0,212.0,0,0,289300.0,61032700.0,1.0,211.0,212.0,209.0,212.0,289300.0
2024-09-27,29820,214.0,218.0,214.0,215.0,0,0,435300.0,93654100.0,1.0,214.0,218.0,214.0,215.0,435300.0
2024-09-30,29820,210.0,213.0,208.0,209.0,0,0,481200.0,101244100.0,1.0,210.0,213.0,208.0,209.0,481200.0
2024-10-01,29820,210.0,215.0,210.0,215.0,0,0,292500.0,62141800.0,1.0,210.0,215.0,210.0,215.0,292500.0
2024-10-02,29820,214.0,216.0,210.0,211.0,0,0,354500.0,75328800.0,1.0,214.0,216.0,210.0,211.0,354500.0
2024-10-03,29820,216.0,221.0,215.0,221.0,0,0,487600.0,106476400.0,1.0,216.0,221.0,215.0,221.0,487600.0
2024-10-04,29820,220.0,222.0,218.0,218.0,0,0,308600.0,67889600.0,1.0,220.0,222.0,218.0,218.0,308600.0
2024-10-07,29820,220.0,220.0,215.0,215.0,0,0,365900.0,79464200.0,1.0,220.0,220.0,215.0,215.0,365900.0
2024-10-08,29820,216.0,216.0,211.0,211.0,0,0,458600.0,97806100.0,1.0,216.0,216.0,211.0,211.0,458600.0
2024-10-09,29820,212.0,213.0,208.0,209.0,0,0,578900.0,121398300.0,1.0,212.0,213.0,208.0,209.0,578900.0
2024-10-10,29820,209.0,209.0,206.0,207.0,0,0,193600.0,40259000.0,1.0,209.0,209.0,206.0,207.0,193600.0
2024-10-11,29820,208.0,208.0,205.0,207.0,0,0,241900.0,50077400.0,1.0,208.0,208.0,205.0,207.0,241900.0
2024-10-15,29820,209.0,212.0,207.0,209.0,0,0,261900.0,54878600.0,1.0,209.0,212.0,207.0,209.0,261900.0
2024-10-16,29820,208.0,210.0,206.0,209.0,0,0,345200.0,71861000.0,1.0,208.0,210.0,206.0,209.0,345200.0
2024-10-17,29820,209.0,211.0,208.0,208.0,0,0,161900.0,33829500.0,1.0,209.0,211.0,208.0,208.0,161900.0
2024-10-18,29820,208.0,210.0,207.0,208.0,0,0,269800.0,56148000.0,1.0,208.0,210.0,207.0,208.0,269800.0
2024-10-21,29820,207.0,209.0,205.0,206.0,0,0,176200.0,36409800.0,1.0,207.0,209.0,205.0,206.0,176200.0
2024-10-22,29820,204.0,204.0,199.0,201.0,0,0,526900.0,106156600.0,1.0,204.0,204.0,199.0,201.0,526900.0
2024-10-23,29820,200.0,202.0,198.0,198.0,0,0,373700.0,74586800.0,1.0,200.0,202.0,198.0,198.0,373700.0
2024-10-24,29820,198.0,199.0,195.0,198.0,0,0,460200.0,90777800.0,1.0,198.0,199.0,195.0,198.0,460200.0
2024-10-25,29820,200.0,200.0,191.0,193.0,0,0,647000.0,125927800.0,1.0,200.0,200.0,191.0,193.0,647000.0
2024-10-28,29820,192.0,199.0,192.0,197.0,0,0,314700.0,61457800.0,1.0,192.0,199.0,192.0,197.0,314700.0
2024-10-29,29820,199.0,203.0,198.0,201.0,0,0,267800.0,53718000.0,1.0,199.0,203.0,198.0,201.0,267800.0
2024-10-30,29820,200.0,200.0,195.0,197.0,0,0,906100.0,179259200.0,1.0,200.0,200.0,195.0,197.0,906100.0
2024-10-31,29820,199.0,201.0,197.0,199.0,0,0,246700.0,49173900.0,1.0,199.0,201.0,197.0,199.0,246700.0
2024-11-01,29820,199.0,200.0,198.0,199.0,0,0,247600.0,49334500.0,1.0,199.0,200.0,198.0,199.0,247600.0
2024-11-05,29820,201.0,201.0,198.0,198.0,0,0,173200.0,34548700.0,1.0,201.0,201.0,198.0,198.0,173200.0
2024-11-06,29820,201.0,204.0,200.0,201.0,0,0,409700.0,82636500.0,1.0,201.0,204.0,200.0,201.0,409700.0
2024-11-07,29820,204.0,206.0,202.0,204.0,0,0,335900.0,68662300.0,1.0,204.0,206.0,202.0,204.0,335900.0
2024-11-08,29820,206.0,206.0,202.0,205.0,0,0,301400.0,61612900.0,1.0,206.0,206.0,202.0,205.0,301400.0
2024-11-11,29820,203.0,205.0,202.0,204.0,0,0,305400.0,62007200.0,1.0,203.0,205.0,202.0,204.0,305400.0
2024-11-12,29820,204.0,210.0,203.0,206.0,0,0,505300.0,104489900.0,1.0,204.0,210.0,203.0,206.0,505300.0
2024-11-13,29820,206.0,207.0,205.0,206.0,0,0,306600.0,63175500.0,1.0,206.0,207.0,205.0,206.0,306600.0
2024-11-14,29820,208.0,208.0,200.0,201.0,0,0,831800.0,170697000.0,1.0,208.0,208.0,200.0,201.0,831800.0
2024-11-15,29820,200.0,202.0,200.0,201.0,0,0,334200.0,67117800.0,1.0,200.0,202.0,200.0,201.0,334200.0
2024-11-18,29820,200.0,204.0,200.0,202.0,0,0,391100.0,78724900.0,1.0,200.0,204.0,200.0,202.0,391100.0
2024-11-19,29820,205.0,206.0,202.0,203.0,0,0,442600.0,90494300.0,1.0,205.0,206.0,202.0,203.0,442600.0
2024-11-20,29820,205.0,207.0,203.0,203.0,0,0,481700.0,98958300.0,1.0,205.0,207.0,203.0,203.0,481700.0
2024-11-21,29820,204.0,204.0,201.0,203.0,0,0,361600.0,73153800.0,1.0,204.0,204.0,201.0,203.0,361600.0
2024-11-22,29820,203.0,203.0,200.0,203.0,0,0,217500.0,43965000.0,1.0,203.0,203.0,200.0,203.0,217500.0
2024-11-25,29820,204.0,206.0,203.0,205.0,0,0,445800.0,91043700.0,1.0,204.0,206.0,203.0,205.0,445800.0
2024-11-26,29820,206.0,213.0,205.0,209.0,0,0,750500.0,157182200.0,1.0,206.0,213.0,205.0,209.0,750500.0
2024-11-27,29820,210.0,210.0,202.0,202.0,0,0,577300.0,118678800.0,1.0,210.0,210.0,202.0,202.0,577300.0
2024-11-28,29820,204.0,209.0,203.0,207.0,0,0,448300.0,92473900.0,1.0,204.0,209.0,203.0,207.0,448300.0
2024-11-29,29820,208.0,209.0,207.0,207.0,0,0,264800.0,55049900.0,1.0,208.0,209.0,207.0,207.0,264800.0
2024-12-02,29820,209.0,211.0,209.0,210.0,0,0,376500.0,79017200.0,1.0,209.0,211.0,209.0,210.0,376500.0
2024-12-03,29820,210.0,210.0,206.0,210.0,0,0,489900.0,102199600.0,1.0,210.0,210.0,206.0,210.0,489900.0
2024-12-04,29820,208.0,208.0,205.0,205.0,0,0,321300.0,66437800.0,1.0,208.0,208.0,205.0,205.0,321300.0
2024-12-05,29820,208.0,208.0,205.0,205.0,0,0,180000.0,37208100.0,1.0,208.0,208.0,205.0,205.0,180000.0
2024-12-06,29820,207.0,207.0,204.0,205.0,0,0,376400.0,77146500.0,1.0,207.0,207.0,204.0,205.0,376400.0
2024-12-09,29820,205.0,207.0,204.0,206.0,0,0,312300.0,64055500.0,1.0,205.0,207.0,204.0,206.0,312300.0
2024-12-10,29820,205.0,207.0,204.0,204.0,0,0,266900.0,54782200.0,1.0,205.0,207.0,204.0,204.0,266900.0
2024-12-11,29820,204.0,205.0,203.0,204.0,0,0,309900.0,63208500.0,1.0,204.0,205.0,203.0,204.0,309900.0
2024-12-12,29820,204.0,209.0,202.0,206.0,0,0,1028300.0,210428600.0,1.0,204.0,209.0,202.0,206.0,1028300.0
2024-12-13,29820,208.0,216.0,208.0,213.0,0,0,1532700.0,325069500.0,1.0,208.0,216.0,208.0,213.0,1532700.0
2024-12-16,29820,215.0,219.0,212.0,212.0,0,0,1033100.0,222514800.0,1.0,215.0,219.0,212.0,212.0,1033100.0
2024-12-17,29820,212.0,212.0,207.0,210.0,0,0,936400.0,196316400.0,1.0,212.0,212.0,207.0,210.0,936400.0
2024-12-18,29820,208.0,210.0,207.0,208.0,0,0,447900.0,93416000.0,1.0,208.0,210.0,207.0,208.0,447900.0
2024-12-19,29820,208.0,209.0,205.0,208.0,0,0,386600.0,80222700.0,1.0,208.0,209.0,205.0,208.0,386600.0
2024-12-20,29820,210.0,211.0,207.0,208.0,0,0,707600.0,147740600.0,1.0,210.0,211.0,207.0,208.0,707600.0
2024-12-23,29820,209.0,211.0,208.0,211.0,0,0,551300.0,115503900.0,1.0,209.0,211.0,208.0,211.0,551300.0
2024-12-24,29820,212.0,214.0,210.0,212.0,0,0,644200.0,136608600.0,1.0,212.0,214.0,210.0,212.0,644200.0
2024-12-25,29820,212.0,212.0,209.0,212.0,0,0,809000.0,170516900.0,1.0,212.0,212.0,209.0,212.0,809000.0
2024-12-26,29820,212.0,216.0,212.0,214.0,0,0,1153600.0,247242200.0,1.0,212.0,216.0,212.0,214.0,1153600.0
2024-12-27,29820,212.0,212.0,207.0,210.0,0,0,730400.0,153422400.0,1.0,212.0,212.0,207.0,210.0,730400.0
2024-12-30,29820,210.0,214.0,210.0,212.0,0,0,630300.0,133396800.0,1.0,210.0,214.0,210.0,212.0,630300.0
2025-01-06,29820,213.0,214.0,208.0,208.0,0,0,638700.0,133996400.0,1.0,213.0,214.0,208.0,208.0,638700.0
2025-01-07,29820,209.0,210.0,205.0,208.0,0,0,545400.0,113268000.0,1.0,209.0,210.0,205.0,208.0,545400.0
2025-01-08,29820,207.0,208.0,206.0,207.0,0,0,228800.0,47390000.0,1.0,207.0,208.0,206.0,207.0,228800.0
2025-01-09,29820,207.0,207.0,205.0,206.0,0,0,384500.0,79173300.0,1.0,207.0,207.0,205.0,206.0,384500.0
2025-01-10,29820,205.0,208.0,204.0,206.0,0,0,345900.0,71215900.0,1.0,205.0,208.0,204.0,206.0,345900.0
2025-01-14,29820,206.0,207.0,202.0,203.0,0,0,599400.0,122096100.0,1.0,206.0,207.0,202.0,203.0,599400.0
2025-01-15,29820,203.0,204.0,202.0,202.0,0,0,237000.0,48005400.0,1.0,203.0,204.0,202.0,202.0,237000.0
2025-01-16,29820,202.0,203.0,198.0,199.0,0,0,584400.0,116932500.0,1.0,202.0,203.0,198.0,199.0,584400.0
2025-01-17,29820,198.0,201.0,196.0,200.0,0,0,434700.0,86194700.0,1.0,198.0,201.0,196.0,200.0,434700.0
2025-01-20,29820,201.0,203.0,200.0,203.0,0,0,275100.0,55462100.0,1.0,201.0,203.0,200.0,203.0,275100.0
2025-01-21,29820,204.0,206.0,202.0,204.0,0,0,431000.0,88019800.0,1.0,204.0,206.0,202.0,204.0,431000.0
2025-01-22,29820,204.0,206.0,204.0,204.0,0,0,316500.0,64855700.0,1.0,204.0,206.0,204.0,204.0,316500.0
2025-01-23,29820,204.0,204.0,201.0,203.0,0,0,251200.0,50989600.0,1.0,204.0,204.0,201.0,203.0,251200.0
2025-01-24,29820,204.0,206.0,203.0,203.0,0,0,328100.0,67115100.0,1.0,204.0,206.0,203.0,203.0,328100.0
2025-01-27,29820,205.0,208.0,205.0,207.0,0,0,335100.0,69130500.0,1.0,205.0,208.0,205.0,207.0,335100.0
2025-01-28,29820,206.0,212.0,206.0,211.0,0,0,617100.0,129334300.0,1.0,206.0,212.0,206.0,211.0,617100.0
2025-01-29,29820,212.0,213.0,210.0,210.0,0,0,395400.0,83694300.0,1.0,212.0,213.0,210.0,210.0,395400.0
2025-01-30,29820,209.0,213.0,207.0,212.0,0,0,1414800.0,298329900.0,1.0,209.0,213.0,207.0,212.0,1414800.0
2025-01-31,29820,212.0,215.0,208.0,208.0,0,0,678000.0,142337300.0,1.0,212.0,215.0,208.0,208.0,678000.0
2025-02-03,29820,208.0,210.0,206.0,210.0,0,0,360000.0,74983200.0,1.0,208.0,210.0,206.0,210.0,360000.0
2025-02-04,29820,210.0,211.0,208.0,209.0,0,0,315700.0,66246600.0,1.0,210.0,211.0,208.0,209.0,315700.0
2025-02-05,29820,211.0,212.0,210.0,210.0,0,0,294900.0,62072100.0,1.0,211.0,212.0,210.0,210.0,294900.0
2025-02-06,29820,209.0,211.0,209.0,209.0,0,0,144400.0,30309800.0,1.0,209.0,211.0,209.0,209.0,144400.0
2025-02-07,29820,209.0,211.0,209.0,211.0,0,0,228300.0,47887500.0,1.0,209.0,211.0,209.0,211.0,228300.0
2025-02-10,29820,210.0,213.0,210.0,210.0,0,0,274300.0,57795800.0,1.0,210.0,213.0,210.0,210.0,274300.0
2025-02-12,29820,211.0,216.0,209.0,216.0,0,0,845800.0,180598900.0,1.0,211.0,216.0,209.0,216.0,845800.0
2025-02-13,29820,218.0,228.0,216.0,225.0,0,0,1292600.0,286307900.0,1.0,218.0,228.0,216.0,225.0,1292600.0
2025-02-14,29820,226.0,230.0,221.0,227.0,0,0,1633900.0,369173900.0,1.0,226.0,230.0,221.0,227.0,1633900.0
2025-02-17,29820,228.0,232.0,227.0,227.0,0,0,615000.0,140822700.0,1.0,228.0,232.0,227.0,227.0,615000.0
2025-02-18,29820,228.0,230.0,224.0,228.0,0,0,388500.0,88124700.0,1.0,228.0,230.0,224.0,228.0,388500.0
2025-02-19,29820,227.0,231.0,227.0,229.0,0,0,485900.0,111203500.0,1.0,227.0,231.0,227.0,229.0,485900.0
2025-02-20,29820,227.0,232.0,225.0,227.0,0,0,545200.0,124216900.0,1.0,227.0,232.0,225.0,227.0,545200.0
2025-02-21,29820,225.0,226.0,223.0,224.0,0,0,377400.0,84724000.0,1.0,225.0,226.0,223.0,224.0,377400.0
2025-02-25,29820,222.0,227.0,219.0,227.0,0,0,608400.0,136690000.0,1.0,222.0,227.0,219.0,227.0,608400.0
2025-02-26,29820,226.0,233.0,226.0,229.0,0,0,711400.0,163221200.0,1.0,226.0,233.0,226.0,229.0,711400.0
2025-02-27,29820,231.0,237.0,231.0,237.0,0,0,602500.0,141637100.0,1.0,231.0,237.0,231.0,237.0,602500.0
2025-02-28,29820,236.0,238.0,231.0,237.0,0,0,538100.0,126352000.0,1.0,236.0,238.0,231.0,237.0,538100.0
2025-03-03,29820,240.0,241.0,235.0,241.0,0,0,530300.0,126682600.0,1.0,240.0,241.0,235.0,241.0,530300.0
2025-03-04,29820,239.0,240.0,233.0,236.0,0,0,510900.0,120440700.0,1.0,239.0,240.0,233.0,236.0,510900.0
2025-03-05,29820,236.0,238.0,233.0,233.0,0,0,419300.0,98273200.0,1.0,236.0,238.0,233.0,233.0,419300.0
2025-03-06,29820,236.0,238.0,234.0,235.0,0,0,239100.0,56472700.0,1.0,236.0,238.0,234.0,235.0,239100.0
2025-03-07,29820,233.0,234.0,230.0,232.0,0,0,304100.0,70583600.0,1.0,233.0,234.0,230.0,232.0,304100.0
2025-03-10,29820,232.0,234.0,231.0,232.0,0,0,189300.0,43929600.0,1.0,232.0,234.0,231.0,232.0,189300.0
2025-03-11,29820,229.0,231.0,225.0,231.0,0,0,470400.0,107409500.0,1.0,229.0,231.0,225.0,231.0,470400.0
2025-03-12,29820,231.0,232.0,229.0,231.0,0,0,127700.0,29457400.0,1.0,231.0,232.0,229.0,231.0,127700.0
2025-03-13,29820,232.0,235.0,231.0,233.0,0,0,251200.0,58491300.0,1.0,232.0,235.0,231.0,233.0,251200.0
2025-03-14,29820,232.0,239.0,232.0,237.0,0,0,311900.0,73537300.0,1.0,232.0,239.0,232.0,237.0,311900.0
2025-03-17,29820,240.0,250.0,239.0,250.0,0,0,1071800.0,263249600.0,1.0,240.0,250.0,239.0,250.0,1071800.0
2025-03-18,29820,250.0,257.0,249.0,256.0,0,0,479400.0,121118300.0,1.0,250.0,257.0,249.0,256.0,479400.0
2025-03-19,29820,255.0,257.0,252.0,254.0,0,0,270400.0,68711100.0,1.0,255.0,257.0,252.0,254.0,270400.0
2025-03-21,29820,254.0,254.0,249.0,251.0,0,0,283600.0,71175700.0,1.0,254.0,254.0,249.0,251.0,283600.0
2025-03-24,29820,251.0,257.0,249.0,256.0,0,0,404000.0,102407200.0,1.0,251.0,257.0,249.0,256.0,404000.0
2025-03-25,29820,256.0,261.0,255.0,259.0,0,0,506600.0,131125900.0,1.0,256.0,261.0,255.0,259.0,506600.0
2025-03-26,29820,259.0,260.0,256.0,258.0,0,0,349300.0,90138100.0,1.0,259.0,260.0,256.0,258.0,349300.0
2025-03-27,29820,257.0,259.0,254.0,256.0,0,0,229700.0,58882800.0,1.0,257.0,259.0,254.0,256.0,229700.0
2025-03-28,29820,255.0,259.0,253.0,259.0,0,0,309300.0,79218800.0,1.0,255.0,259.0,253.0,259.0,309300.0
2025-03-31,29820,253.0,254.0,248.0,248.0,0,0,475000.0,119129000.0,1.0,253.0,254.0,248.0,248.0,475000.0
2025-04-01,29820,251.0,256.0,248.0,251.0,0,0,360700.0,90750300.0,1.0,251.0,256.0,248.0,251.0,360700.0
2025-04-02,29820,249.0,250.0,244.0,245.0,0,0,376700.0,92626700.0,1.0,249.0,250.0,244.0,245.0,376700.0
2025-04-03,29820,234.0,244.0,233.0,242.0,0,0,648400.0,154938400.0,1.0,234.0,244.0,233.0,242.0,648400.0
2025-04-04,29820,234.0,238.0,223.0,228.0,0,0,1042800.0,239328900.0,1.0,234.0,238.0,223.0,228.0,1042800.0
2025-04-07,29820,206.0,220.0,204.0,211.0,0,0,1744000.0,370287600.0,1.0,206.0,220.0,204.0,211.0,1744000.0
2025-04-08,29820,224.0,232.0,220.0,229.0,0,0,957300.0,217538400.0,1.0,224.0,232.0,220.0,229.0,957300.0
2025-04-09,29820,225.0,227.0,217.0,221.0,0,0,693300.0,153177500.0,1.0,225.0,227.0,217.0,221.0,693300.0
2025-04-10,29820,240.0,240.0,232.0,236.0,0,0,628800.0,147880600.0,1.0,240.0,240.0,232.0,236.0,628800.0
2025-04-11,29820,231.0,239.0,228.0,239.0,0,0,410800.0,95460500.0,1.0,231.0,239.0,228.0,239.0,410800.0
2025-04-14,29820,240.0,246.0,239.0,241.0,0,0,485300.0,117712900.0,1.0,240.0,246.0,239.0,241.0,485300.0
2025-04-15,29820,243.0,247.0,242.0,247.0,0,0,248000.0,60752800.0,1.0,243.0,247.0,242.0,247.0,248000.0
2025-04-16,29820,247.0,247.0,242.0,243.0,0,0,233500.0,57016600.0,1.0,247.0,247.0,242.0,243.0,233500.0
2025-04-17,29820,243.0,247.0,243.0,245.0,0,0,182400.0,44632500.0,1.0,243.0,247.0,243.0,245.0,182400.0
2025-04-18,29820,248.0,254.0,248.0,254.0,0,0,475300.0,119354600.0,1.0,248.0,254.0,248.0,254.0,475300.0
2025-04-21,29820,255.0,257.0,251.0,254.0,0,0,348800.0,88597000.0,1.0,255.0,257.0,251.0,254.0,348800.0
2025-04-22,29820,253.0,257.0,251.0,253.0,0,0,358400.0,91073800.0,1.0,253.0,257.0,251.0,253.0,358400.0
2025-04-23,29820,255.0,256.0,251.0,255.0,0,0,460200.0,116850100.0,1.0,255.0,256.0,251.0,255.0,460200.0
2025-04-24,29820,256.0,257.0,252.0,252.0,0,0,398300.0,101526500.0,1.0,256.0,257.0,252.0,252.0,398300.0
2025-04-25,29820,253.0,270.0,253.0,267.0,0,0,1410000.0,370579600.0,1.0,253.0,270.0,253.0,267.0,1410000.0
2025-04-28,29820,269.0,269.0,265.0,267.0,0,0,620300.0,165683100.0,1.0,269.0,269.0,265.0,267.0,620300.0
2025-04-30,29820,267.0,267.0,261.0,264.0,0,0,369000.0,97450000.0,1.0,267.0,267.0,261.0,264.0,369000.0
2025-05-01,29820,264.0,265.0,259.0,262.0,0,0,494900.0,129304000.0,1.0,264.0,265.0,259.0,262.0,494900.0
2025-05-02,29820,262.0,262.0,254.0,258.0,0,0,502300.0,129720200.0,1.0,262.0,262.0,254.0,258.0,502300.0
2025-05-07,29820,259.0,269.0,258.0,269.0,0,0,578300.0,152344800.0,1.0,259.0,269.0,258.0,269.0,578300.0
2025-05-08,29820,269.0,269.0,259.0,261.0,0,0,513600.0,135098800.0,1.0,269.0,269.0,259.0,261.0,513600.0
2025-05-09,29820,261.0,264.0,260.0,263.0,0,0,291400.0,76200200.0,1.0,261.0,264.0,260.0,263.0,291400.0
2025-05-12,29820,265.0,268.0,263.0,267.0,0,0,350200.0,92906100.0,1.0,265.0,268.0,263.0,267.0,350200.0
2025-05-13,29820,270.0,273.0,268.0,270.0,0,0,516600.0,139522700.0,1.0,270.0,273.0,268.0,270.0,516600.0
2025-05-14,29820,269.0,276.0,261.0,272.0,0,0,952900.0,255537000.0,1.0,269.0,276.0,261.0,272.0,952900.0
2025-05-15,29820,268.0,279.0,266.0,277.0,0,0,1131800.0,308774300.0,1.0,268.0,279.0,266.0,277.0,1131800.0
2025-05-16,29820,279.0,283.0,276.0,280.0,0,0,663900.0,185574200.0,1.0,279.0,283.0,276.0,280.0,663900.0
2025-05-19,29820,280.0,290.0,278.0,289.0,0,0,857100.0,244713500.0,1.0,280.0,290.0,278.0,289.0,857100.0
2025-05-20,29820,286.0,297.0,285.0,291.0,0,0,1097100.0,319773800.0,1.0,286.0,297.0,285.0,291.0,1097100.0
2025-05-21,29820,292.0,295.0,289.0,291.0,0,0,611700.0,178830700.0,1.0,292.0,295.0,289.0,291.0,611700.0
2025-05-22,29820,286.0,294.0,285.0,294.0,0,0,627300.0,181746500.0,1.0,286.0,294.0,285.0,294.0,627300.0
2025-05-23,29820,295.0,299.0,290.0,291.0,0,0,635700.0,186388000.0,1.0,295.0,299.0,290.0,291.0,635700.0
2025-05-26,29820,292.0,298.0,291.0,297.0,0,0,519900.0,153700400.0,1.0,292.0,298.0,291.0,297.0,519900.0
2025-05-27,29820,301.0,305.0,299.0,300.0,0,0,916400.0,277040900.0,1.0,301.0,305.0,299.0,300.0,916400.0
2025-05-28,29820,301.0,308.0,298.0,307.0,0,0,770000.0,234200500.0,1.0,301.0,308.0,298.0,307.0,770000.0
2025-05-29,29820,308.0,309.0,301.0,303.0,0,0,636300.0,193883700.0,1.0,308.0,309.0,301.0,303.0,636300.0
2025-05-30,29820,302.0,306.0,301.0,303.0,0,0,506400.0,153914800.0,1.0,302.0,306.0,301.0,303.0,506400.0
2025-06-02,29820,303.0,305.0,299.0,303.0,0,0,633600.0,191036800.0,1.0,303.0,305.0,299.0,303.0,633600.0
2025-06-03,29820,303.0,306.0,298.0,304.0,0,0,813500.0,246317300.0,1.0,303.0,306.0,298.0,304.0,813500.0
2025-06-04,29820,306.0,309.0,301.0,302.0,0,0,710200.0,216171700.0,1.0,306.0,309.0,301.0,302.0,710200.0
2025-06-05,29820,300.0,304.0,299.0,300.0,0,0,625600.0,188181600.0,1.0,300.0,304.0,299.0,300.0,625600.0
2025-06-06,29820,303.0,319.0,300.0,307.0,0,0,1449600.0,450440300.0,1.0,303.0,319.0,300.0,307.0,1449600.0
2025-06-09,29820,307.0,311.0,301.0,309.0,0,0,796900.0,243192200.0,1.0,307.0,311.0,301.0,309.0,796900.0
2025-06-10,29820,314.0,315.0,308.0,312.0,0,0,576600.0,179664000.0,1.0,314.0,315.0,308.0,312.0,576600.0
2025-06-11,29820,310.0,318.0,308.0,318.0,0,0,476600.0,149878100.0,1.0,310.0,318.0,308.0,318.0,476600.0
2025-06-12,29820,314.0,317.0,307.0,310.0,0,0,674600.0,209549900.0,1.0,314.0,317.0,307.0,310.0,674600.0
2025-06-13,29820,311.0,311.0,301.0,301.0,0,0,689800.0,210682000.0,1.0,311.0,311.0,301.0,301.0,689800.0
2025-06-16,29820,303.0,305.0,300.0,301.0,0,0,620700.0,187350700.0,1.0,303.0,305.0,300.0,301.0,620700.0
2025-06-17,29820,301.0,303.0,300.0,301.0,0,0,372600.0,112125100.0,1.0,301.0,303.0,300.0,301.0,372600.0
2025-06-18,29820,300.0,302.0,298.0,299.0,0,0,442500.0,132641800.0,1.0,300.0,302.0,298.0,299.0,442500.0
2025-06-19,29820,298.0,298.0,291.0,297.0,0,0,705300.0,208187000.0,1.0,298.0,298.0,291.0,297.0,705300.0
2025-06-20,29820,298.0,299.0,291.0,294.0,0,0,531400.0,156424500.0,1.0,298.0,299.0,291.0,294.0,531400.0
2025-06-23,29820,293.0,293.0,286.0,289.0,0,0,729200.0,211035300.0,1.0,293.0,293.0,286.0,289.0,729200.0
2025-06-24,29820,292.0,295.0,289.0,290.0,0,0,726100.0,211757800.0,1.0,292.0,295.0,289.0,290.0,726100.0
2025-06-25,29820,290.0,290.0,286.0,288.0,0,0,457400.0,132096100.0,1.0,290.0,290.0,286.0,288.0,457400.0
2025-06-26,29820,287.0,287.0,283.0,287.0,0,0,783000.0,223670500.0,1.0,287.0,287.0,283.0,287.0,783000.0
2025-06-27,29820,283.0,293.0,283.0,285.0,0,0,622700.0,178051600.0,1.0,283.0,293.0,283.0,285.0,622700.0
2025-06-30,29820,287.0,295.0,286.0,293.0,0,0,720800.0,209883500.0,1.0,287.0,295.0,286.0,293.0,720800.0
2025-07-01,29820,295.0,312.0,294.0,305.0,0,0,1605800.0,488253600.0,1.0,295.0,312.0,294.0,305.0,1605800.0
2025-07-02,29820,309.0,311.0,300.0,309.0,0,0,826100.0,253676200.0,1.0,309.0,311.0,300.0,309.0,826100.0
2025-07-03,29820,306.0,312.0,305.0,308.0,0,0,534200.0,164397300.0,1.0,306.0,312.0,305.0,308.0,534200.0
2025-07-04,29820,308.0,315.0,304.0,311.0,0,0,630500.0,195999700.0,1.0,308.0,315.0,304.0,311.0,630500.0
2025-07-07,29820,311.0,314.0,309.0,312.0,0,0,462900.0,143978600.0,1.0,311.0,314.0,309.0,312.0,462900.0
2025-07-08,29820,311.0,324.0,311.0,321.0,0,0,1073600.0,341306700.0,1.0,311.0,324.0,311.0,321.0,1073600.0
2025-07-09,29820,325.0,326.0,319.0,326.0,0,0,729600.0,236304300.0,1.0,325.0,326.0,319.0,326.0,729600.0
2025-07-10,29820,330.0,338.0,329.0,335.0,0,0,1095000.0,363970000.0,1.0,330.0,338.0,329.0,335.0,1095000.0
2025-07-11,29820,331.0,344.0,327.0,336.0,0,0,1232700.0,414369700.0,1.0,331.0,344.0,327.0,336.0,1232700.0
2025-07-14,29820,342.0,343.0,334.0,342.0,0,0,853800.0,290018100.0,1.0,342.0,343.0,334.0,342.0,853800.0
2025-07-15,29820,336.0,342.0,336.0,342.0,0,0,676100.0,229101700.0,1.0,336.0,342.0,336.0,342.0,676100.0
2025-07-16,29820,339.0,344.0,332.0,332.0,0,0,823400.0,278473200.0,1.0,339.0,344.0,332.0,332.0,823400.0
2025-07-17,29820,332.0,337.0,328.0,331.0,0,0,565900.0,187721200.0,1.0,332.0,337.0,328.0,331.0,565900.0
2025-07-18,29820,333.0,335.0,322.0,323.0,0,0,674700.0,219999700.0,1.0,333.0,335.0,322.0,323.0,674700.0
2025-07-22,29820,328.0,331.0,320.0,320.0,0,0,565600.0,183892900.0,1.0,328.0,331.0,320.0,320.0,565600.0
2025-07-23,29820,323.0,328.0,318.0,324.0,0,0,663700.0,214806800.0,1.0,323.0,328.0,318.0,324.0,663700.0
2025-07-24,29820,327.0,349.0,323.0,347.0,0,0,1419400.0,476599000.0,1.0,327.0,349.0,323.0,347.0,1419400.0
2025-07-25,29820,349.0,356.0,342.0,355.0,0,0,1089400.0,379642600.0,1.0,349.0,356.0,342.0,355.0,1089400.0
2025-07-28,29820,360.0,363.0,350.0,354.0,0,0,700800.0,249181900.0,1.0,360.0,363.0,350.0,354.0,700800.0
2025-07-29,29820,352.0,358.0,346.0,353.0,0,0,627200.0,221584500.0,1.0,352.0,358.0,346.0,353.0,627200.0
2025-07-30,29820,353.0,360.0,352.0,355.0,0,0,459700.0,163499000.0,1.0,353.0,360.0,352.0,355.0,459700.0
2025-07-31,29820,352.0,357.0,350.0,355.0,0,0,466500.0,164546300.0,1.0,352.0,357.0,350.0,355.0,466500.0
2025-08-01,29820,356.0,357.0,350.0,353.0,0,0,528400.0,186815500.0,1.0,356.0,357.0,350.0,353.0,528400.0
2025-08-04,29820,349.0,354.0,346.0,354.0,0,0,568400.0,199073400.0,1.0,349.0,354.0,346.0,354.0,568400.0
2025-08-05,29820,360.0,366.0,357.0,359.0,0,0,670100.0,241657200.0,1.0,360.0,366.0,357.0,359.0,670100.0
2025-08-06,29820,362.0,369.0,362.0,369.0,0,0,544100.0,199457900.0,1.0,362.0,369.0,362.0,369.0,544100.0
2025-08-07,29820,368.0,393.0,345.0,373.0,0,0,2357300.0,873503000.0,1.0,368.0,393.0,345.0,373.0,2357300.0
2025-08-08,29820,397.0,428.0,385.0,397.0,0,0,4899900.0,1979299200.0,1.0,397.0,428.0,385.0,397.0,4899900.0
2025-08-12,29820,397.0,401.0,390.0,399.0,0,0,1499900.0,594507000.0,1.0,397.0,401.0,390.0,399.0,1499900.0
2025-08-13,29820,399.0,401.0,389.0,392.0,0,0,1612100.0,635987300.0,1.0,399.0,401.0,389.0,392.0,1612100.0
2025-08-14,29820,387.0,405.0,379.0,395.0,0,0,1485200.0,581156400.0,1.0,387.0,405.0,379.0,395.0,1485200.0
2025-08-15,29820,398.0,414.0,393.0,412.0,0,0,1370100.0,556692400.0,1.0,398.0,414.0,393.0,412.0,1370100.0
2025-08-18,29820,418.0,422.0,412.0,414.0,0,0,935800.0,390213800.0,1.0,418.0,422.0,412.0,414.0,935800.0
2025-08-19,29820,410.0,420.0,407.0,418.0,0,0,836500.0,346769700.0,1.0,410.0,420.0,407.0,418.0,836500.0
2025-08-20,29820,415.0,420.0,408.0,412.0,0,0,1048200.0,434144100.0,1.0,415.0,420.0,408.0,412.0,1048200.0
2025-08-21,29820,411.0,416.0,408.0,409.0,0,0,859800.0,353146200.0,1.0,411.0,416.0,408.0,409.0,859800.0
2025-08-22,29820,413.0,413.0,404.0,408.0,0,0,841500.0,343242000.0,1.0,413.0,413.0,404.0,408.0,841500.0
2025-08-25,29820,411.0,423.0,409.0,416.0,0,0,973100.0,405789300.0,1.0,411.0,423.0,409.0,416.0,973100.0
2025-08-26,29820,417.0,432.0,414.0,431.0,0,0,1357900.0,577112300.0,1.0,417.0,432.0,414.0,431.0,1357900.0
2025-08-27,29820,434.0,437.0,427.0,436.0,0,0,907000.0,392301000.0,1.0,434.0,437.0,427.0,436.0,907000.0
2025-08-28,29820,440.0,448.0,431.0,447.0,0,0,1373000.0,603190000.0,1.0,440.0,448.0,431.0,447.0,1373000.0
2025-08-29,29820,450.0,459.0,446.0,458.0,0,0,1361700.0,615965800.0,1.0,450.0,459.0,446.0,458.0,1361700.0
2025-09-01,29820,461.0,463.0,445.0,448.0,0,0,1515500.0,688323500.0,1.0,461.0,463.0,445.0,448.0,1515500.0
2025-09-02,29820,447.0,449.0,434.0,438.0,0,0,1141900.0,503410300.0,1.0,447.0,449.0,434.0,438.0,1141900.0
2025-09-03,29820,436.0,451.0,434.0,451.0,0,0,1114400.0,496542700.0,1.0,436.0,451.0,434.0,451.0,1114400.0
2025-09-04,29820,453.0,469.0,447.0,462.0,0,0,1182500.0,543883900.0,1.0,453.0,469.0,447.0,462.0,1182500.0
2025-09-05,29820,462.0,479.0,460.0,479.0,0,0,1364900.0,644859100.0,1.0,462.0,479.0,460.0,479.0,1364900.0
2025-09-08,29820,471.0,491.0,467.0,491.0,0,0,1410900.0,677803100.0,1.0,471.0,491.0,467.0,491.0,1410900.0
2025-09-09,29820,494.0,497.0,484.0,487.0,0,0,1289300.0,632125200.0,1.0,494.0,497.0,484.0,487.0,1289300.0
2025-09-10,29820,485.0,494.0,478.0,483.0,0,0,987000.0,479427300.0,1.0,485.0,494.0,478.0,483.0,987000.0
2025-09-11,29820,484.0,484.0,473.0,475.0,0,0,858700.0,410583800.0,1.0,484.0,484.0,473.0,475.0,858700.0
2025-09-12,29820,480.0,519.0,475.0,501.0,0,0,2658700.0,1336564800.0,1.0,480.0,519.0,475.0,501.0,2658700.0
2025-09-16,29820,502.0,510.0,496.0,506.0,0,0,1407800.0,707746700.0,1.0,502.0,510.0,496.0,506.0,1407800.0
2025-09-17,29820,502.0,503.0,493.0,495.0,0,0,1249900.0,622085000.0,1.0,502.0,503.0,493.0,495.0,1249900.0
2025-09-18,29820,492.0,505.0,484.0,505.0,0,0,1569600.0,776131400.0,1.0,492.0,505.0,484.0,505.0,1569600.0
2025-09-19,29820,506.0,513.0,487.0,496.0,0,0,2337300.0,1174358100.0,1.0,506.0,513.0,487.0,496.0,2337300.0
2025-09-22,29820,493.0,493.0,458.0,472.0,0,0,2889600.0,1359854900.0,1.0,493.0,493.0,458.0,472.0,2889600.0
2025-09-24,29820,464.0,470.0,449.0,456.0,0,0,2075700.0,949844500.0,1.0,464.0,470.0,449.0,456.0,2075700.0
2025-09-25,29820,446.0,458.0,446.0,453.0,0,0,1001900.0,451713500.0,1.0,446.0,458.0,446.0,453.0,1001900.0
2025-09-26,29820,461.0,480.0,461.0,475.0,0,0,1264200.0,595163500.0,1.0,461.0,480.0,461.0,475.0,1264200.0
2025-09-29,29820,477.0,498.0,470.0,496.0,0,0,1338400.0,652193700.0,1.0,477.0,498.0,470.0,496.0,1338400.0
2025-09-30,29820,496.0,501.0,489.0,500.0,0,0,1010600.0,501039000.0,1.0,496.0,501.0,489.0,500.0,1010600.0
2025-10-01,29820,496.0,499.0,472.0,478.0,0,0,1352800.0,651368500.0,1.0,496.0,499.0,472.0,478.0,1352800.0
2025-10-02,29820,472.0,482.0,463.0,468.0,0,0,989100.0,465895100.0,1.0,472.0,482.0,463.0,468.0,989100.0
2025-10-03,29820,463.0,488.0,463.0,486.0,0,0,1022600.0,489353800.0,1.0,463.0,488.0,463.0,486.0,1022600.0
2025-10-06,29820,508.0,514.0,478.0,481.0,0,0,1442500.0,710811000.0,1.0,508.0,514.0,478.0,481.0,1442500.0
2025-10-07,29820,481.0,483.0,464.0,465.0,0,0,875400.0,413845700.0,1.0,481.0,483.0,464.0,465.0,875400.0
2025-10-08,29820,471.0,481.0,470.0,476.0,0,0,495500.0,235662300.0,1.0,471.0,481.0,470.0,476.0,495500.0
2025-10-09,29820,473.0,479.0,462.0,465.0,0,0,613600.0,287022800.0,1.0,473.0,479.0,462.0,465.0,613600.0
2025-10-10,29820,463.0,463.0,448.0,453.0,0,0,914100.0,414995300.0,1.0,463.0,463.0,448.0,453.0,914100.0
2025-10-14,29820,447.0,454.0,436.0,451.0,0,0,800400.0,358555600.0,1.0,447.0,454.0,436.0,451.0,800400.0
2025-10-15,29820,454.0,476.0,454.0,474.0,0,0,586500.0,273398200.0,1.0,454.0,476.0,454.0,474.0,586500.0
2025-10-16,29820,473.0,488.0,470.0,482.0,0,0,613600.0,294906000.0,1.0,473.0,488.0,470.0,482.0,613600.0
2025-10-17,29820,477.0,480.0,472.0,473.0,0,0,423500.0,201093700.0,1.0,477.0,480.0,472.0,473.0,423500.0
2025-10-20,29820,473.0,478.0,454.0,457.0,0,0,579300.0,270748900.0,1.0,473.0,478.0,454.0,457.0,579300.0
2025-10-21,29820,463.0,466.0,445.0,458.0,0,0,678100.0,309424100.0,1.0,463.0,466.0,445.0,458.0,678100.0
2025-10-22,29820,461.0,468.0,457.0,466.0,0,0,454900.0,210563000.0,1.0,461.0,468.0,457.0,466.0,454900.0
2025-10-23,29820,463.0,477.0,463.0,476.0,0,0,582900.0,274737900.0,1.0,463.0,477.0,463.0,476.0,582900.0
2025-10-24,29820,478.0,479.0,456.0,456.0,0,0,720200.0,334793200.0,1.0,478.0,479.0,456.0,456.0,720200.0
2025-10-27,29820,461.0,466.0,458.0,465.0,0,0,363900.0,168576500.0,1.0,461.0,466.0,458.0,465.0,363900.0
2025-10-28,29820,459.0,477.0,457.0,467.0,0,0,725500.0,339590900.0,1.0,459.0,477.0,457.0,467.0,725500.0
2025-10-29,29820,466.0,470.0,457.0,462.0,0,0,501700.0,231734800.0,1.0,466.0,470.0,457.0,462.0,501700.0
