Date,Code,Open,High,Low,Close,UpperLimit,LowerLimit,Volume,TurnoverValue,AdjustmentFactor,AdjustmentOpen,AdjustmentHigh,AdjustmentLow,AdjustmentClose,AdjustmentVolume
2020-10-29,47770,213.0,214.0,210.0,214.0,0,0,15900.0,3364900.0,1.0,213.0,214.0,210.0,214.0,15900.0
2020-10-30,47770,214.0,214.0,208.0,209.0,0,0,25700.0,5411700.0,1.0,214.0,214.0,208.0,209.0,25700.0
2020-11-02,47770,210.0,217.0,209.0,214.0,0,0,17300.0,3702700.0,1.0,210.0,217.0,209.0,214.0,17300.0
2020-11-04,47770,217.0,218.0,214.0,218.0,0,0,7900.0,1709200.0,1.0,217.0,218.0,214.0,218.0,7900.0
2020-11-05,47770,222.0,222.0,219.0,220.0,0,0,9300.0,2044700.0,1.0,222.0,222.0,219.0,220.0,9300.0
2020-11-06,47770,222.0,226.0,220.0,226.0,0,0,25400.0,5653700.0,1.0,222.0,226.0,220.0,226.0,25400.0
2020-11-09,47770,227.0,230.0,226.0,227.0,0,0,40600.0,9262100.0,1.0,227.0,230.0,226.0,227.0,40600.0
2020-11-10,47770,230.0,230.0,221.0,221.0,0,0,33900.0,7607600.0,1.0,230.0,230.0,221.0,221.0,33900.0
2020-11-11,47770,225.0,225.0,217.0,222.0,0,0,19400.0,4292000.0,1.0,225.0,225.0,217.0,222.0,19400.0
2020-11-12,47770,224.0,224.0,221.0,223.0,0,0,7900.0,1760400.0,1.0,224.0,224.0,221.0,223.0,7900.0
2020-11-13,47770,221.0,223.0,219.0,221.0,0,0,9900.0,2181600.0,1.0,221.0,223.0,219.0,221.0,9900.0
2020-11-16,47770,217.0,223.0,215.0,216.0,0,0,27400.0,5947100.0,1.0,217.0,223.0,215.0,216.0,27400.0
2020-11-17,47770,215.0,216.0,211.0,211.0,0,0,24500.0,5220700.0,1.0,215.0,216.0,211.0,211.0,24500.0
2020-11-18,47770,212.0,216.0,211.0,213.0,0,0,18700.0,3981300.0,1.0,212.0,216.0,211.0,213.0,18700.0
2020-11-19,47770,213.0,213.0,209.0,210.0,0,0,22700.0,4787600.0,1.0,213.0,213.0,209.0,210.0,22700.0
2020-11-20,47770,211.0,214.0,207.0,207.0,0,0,31500.0,6598800.0,1.0,211.0,214.0,207.0,207.0,31500.0
2020-11-24,47770,209.0,209.0,205.0,207.0,0,0,34900.0,7240200.0,1.0,209.0,209.0,205.0,207.0,34900.0
2020-11-25,47770,208.0,208.0,204.0,207.0,0,0,34500.0,7110300.0,1.0,208.0,208.0,204.0,207.0,34500.0
2020-11-26,47770,204.0,209.0,204.0,204.0,0,0,37200.0,7655100.0,1.0,204.0,209.0,204.0,204.0,37200.0
2020-11-27,47770,202.0,205.0,200.0,202.0,0,0,30400.0,6141600.0,1.0,202.0,205.0,200.0,202.0,30400.0
2020-11-30,47770,204.0,206.0,200.0,202.0,0,0,14400.0,2917100.0,1.0,204.0,206.0,200.0,202.0,14400.0
2020-12-01,47770,202.0,214.0,201.0,205.0,0,0,126300.0,26259700.0,1.0,202.0,214.0,201.0,205.0,126300.0
2020-12-02,47770,210.0,217.0,207.0,209.0,0,0,97100.0,20413300.0,1.0,210.0,217.0,207.0,209.0,97100.0
2020-12-03,47770,210.0,210.0,206.0,207.0,0,0,74600.0,15542000.0,1.0,210.0,210.0,206.0,207.0,74600.0
2020-12-04,47770,205.0,209.0,204.0,206.0,0,0,104800.0,21497900.0,1.0,205.0,209.0,204.0,206.0,104800.0
2020-12-07,47770,208.0,208.0,200.0,200.0,0,0,35100.0,7097400.0,1.0,208.0,208.0,200.0,200.0,35100.0
2020-12-08,47770,202.0,203.0,198.0,202.0,0,0,52700.0,10536100.0,1.0,202.0,203.0,198.0,202.0,52700.0
2020-12-09,47770,200.0,202.0,200.0,201.0,0,0,10400.0,2087700.0,1.0,200.0,202.0,200.0,201.0,10400.0
2020-12-10,47770,200.0,201.0,198.0,198.0,0,0,38200.0,7608600.0,1.0,200.0,201.0,198.0,198.0,38200.0
2020-12-11,47770,200.0,200.0,194.0,194.0,0,0,33000.0,6465000.0,1.0,200.0,200.0,194.0,194.0,33000.0
2020-12-14,47770,195.0,196.0,187.0,189.0,0,0,49300.0,9442000.0,1.0,195.0,196.0,187.0,189.0,49300.0
2020-12-15,47770,189.0,191.0,188.0,190.0,0,0,48800.0,9230100.0,1.0,189.0,191.0,188.0,190.0,48800.0
2020-12-16,47770,188.0,189.0,176.0,183.0,0,0,181600.0,32860200.0,1.0,188.0,189.0,176.0,183.0,181600.0
2020-12-17,47770,182.0,185.0,181.0,184.0,0,0,29400.0,5376500.0,1.0,182.0,185.0,181.0,184.0,29400.0
2020-12-18,47770,184.0,185.0,182.0,182.0,0,0,35600.0,6505500.0,1.0,184.0,185.0,182.0,182.0,35600.0
2020-12-21,47770,182.0,182.0,175.0,180.0,0,0,67800.0,12193700.0,1.0,182.0,182.0,175.0,180.0,67800.0
2020-12-22,47770,177.0,182.0,177.0,181.0,0,0,38400.0,6918000.0,1.0,177.0,182.0,177.0,181.0,38400.0
2020-12-23,47770,181.0,184.0,181.0,181.0,0,0,49700.0,9054800.0,1.0,181.0,184.0,181.0,181.0,49700.0
2020-12-24,47770,182.0,183.0,181.0,182.0,0,0,35900.0,6543700.0,1.0,182.0,183.0,181.0,182.0,35900.0
2020-12-25,47770,180.0,182.0,179.0,181.0,0,0,50500.0,9107100.0,1.0,180.0,182.0,179.0,181.0,50500.0
2020-12-28,47770,184.0,184.0,177.0,177.0,0,0,164000.0,29467500.0,1.0,184.0,184.0,177.0,177.0,164000.0
2020-12-29,47770,178.0,186.0,175.0,186.0,0,0,50600.0,9193300.0,1.0,178.0,186.0,175.0,186.0,50600.0
2020-12-30,47770,182.0,236.0,182.0,209.0,1,0,1650800.0,351223400.0,1.0,182.0,236.0,182.0,209.0,1650800.0
2021-01-04,47770,209.0,240.0,206.0,223.0,0,0,1122600.0,251233000.0,1.0,209.0,240.0,206.0,223.0,1122600.0
2021-01-05,47770,223.0,227.0,209.0,218.0,0,0,279300.0,60651600.0,1.0,223.0,227.0,209.0,218.0,279300.0
2021-01-06,47770,219.0,219.0,211.0,217.0,0,0,68000.0,14604500.0,1.0,219.0,219.0,211.0,217.0,68000.0
2021-01-07,47770,214.0,215.0,210.0,211.0,0,0,55500.0,11753900.0,1.0,214.0,215.0,210.0,211.0,55500.0
2021-01-08,47770,210.0,214.0,207.0,214.0,0,0,55500.0,11670500.0,1.0,210.0,214.0,207.0,214.0,55500.0
2021-01-12,47770,214.0,220.0,213.0,219.0,0,0,106000.0,23005100.0,1.0,214.0,220.0,213.0,219.0,106000.0
2021-01-13,47770,221.0,221.0,217.0,218.0,0,0,48400.0,10625400.0,1.0,221.0,221.0,217.0,218.0,48400.0
2021-01-14,47770,218.0,220.0,216.0,218.0,0,0,55200.0,12030600.0,1.0,218.0,220.0,216.0,218.0,55200.0
2021-01-15,47770,219.0,219.0,213.0,218.0,0,0,39300.0,8509300.0,1.0,219.0,219.0,213.0,218.0,39300.0
2021-01-18,47770,214.0,220.0,211.0,219.0,0,0,45100.0,9790400.0,1.0,214.0,220.0,211.0,219.0,45100.0
2021-01-19,47770,234.0,248.0,217.0,223.0,0,0,494200.0,114255300.0,1.0,234.0,248.0,217.0,223.0,494200.0
2021-01-20,47770,222.0,226.0,219.0,226.0,0,0,59300.0,13249000.0,1.0,222.0,226.0,219.0,226.0,59300.0
2021-01-21,47770,226.0,230.0,220.0,230.0,0,0,67900.0,15376600.0,1.0,226.0,230.0,220.0,230.0,67900.0
2021-01-22,47770,230.0,265.0,227.0,229.0,0,0,1280900.0,315092800.0,1.0,230.0,265.0,227.0,229.0,1280900.0
2021-01-25,47770,221.0,227.0,221.0,223.0,0,0,103200.0,23029700.0,1.0,221.0,227.0,221.0,223.0,103200.0
2021-01-26,47770,226.0,226.0,218.0,220.0,0,0,73600.0,16207900.0,1.0,226.0,226.0,218.0,220.0,73600.0
2021-01-27,47770,222.0,222.0,218.0,220.0,0,0,29200.0,6423000.0,1.0,222.0,222.0,218.0,220.0,29200.0
2021-01-28,47770,218.0,218.0,215.0,216.0,0,0,34200.0,7402600.0,1.0,218.0,218.0,215.0,216.0,34200.0
2021-01-29,47770,217.0,219.0,215.0,216.0,0,0,35100.0,7611700.0,1.0,217.0,219.0,215.0,216.0,35100.0
2021-02-01,47770,212.0,222.0,212.0,219.0,0,0,36300.0,7872300.0,1.0,212.0,222.0,212.0,219.0,36300.0
2021-02-02,47770,218.0,220.0,214.0,216.0,0,0,37700.0,8141900.0,1.0,218.0,220.0,214.0,216.0,37700.0
2021-02-03,47770,219.0,220.0,217.0,217.0,0,0,20600.0,4496400.0,1.0,219.0,220.0,217.0,217.0,20600.0
2021-02-04,47770,219.0,221.0,217.0,220.0,0,0,23400.0,5128500.0,1.0,219.0,221.0,217.0,220.0,23400.0
2021-02-05,47770,221.0,225.0,219.0,225.0,0,0,51300.0,11421200.0,1.0,221.0,225.0,219.0,225.0,51300.0
2021-02-08,47770,226.0,230.0,224.0,225.0,0,0,48600.0,11038900.0,1.0,226.0,230.0,224.0,225.0,48600.0
2021-02-09,47770,225.0,225.0,222.0,223.0,0,0,23500.0,5253000.0,1.0,225.0,225.0,222.0,223.0,23500.0
2021-02-10,47770,224.0,226.0,222.0,222.0,0,0,39200.0,8766400.0,1.0,224.0,226.0,222.0,222.0,39200.0
2021-02-12,47770,235.0,236.0,221.0,222.0,0,0,178200.0,40561000.0,1.0,235.0,236.0,221.0,222.0,178200.0
2021-02-15,47770,224.0,224.0,221.0,222.0,0,0,24500.0,5448300.0,1.0,224.0,224.0,221.0,222.0,24500.0
2021-02-16,47770,224.0,224.0,220.0,220.0,0,0,40400.0,8946100.0,1.0,224.0,224.0,220.0,220.0,40400.0
2021-02-17,47770,219.0,221.0,217.0,221.0,0,0,39100.0,8558100.0,1.0,219.0,221.0,217.0,221.0,39100.0
2021-02-18,47770,222.0,230.0,222.0,224.0,0,0,67500.0,15232600.0,1.0,222.0,230.0,222.0,224.0,67500.0
2021-02-19,47770,222.0,224.0,218.0,218.0,0,0,47900.0,10568800.0,1.0,222.0,224.0,218.0,218.0,47900.0
2021-02-22,47770,218.0,225.0,217.0,222.0,0,0,38600.0,8529200.0,1.0,218.0,225.0,217.0,222.0,38600.0
2021-02-24,47770,225.0,225.0,220.0,220.0,0,0,30300.0,6715000.0,1.0,225.0,225.0,220.0,220.0,30300.0
2021-02-25,47770,222.0,224.0,220.0,223.0,0,0,36700.0,8148200.0,1.0,222.0,224.0,220.0,223.0,36700.0
2021-02-26,47770,222.0,222.0,217.0,217.0,0,0,67900.0,14892200.0,1.0,222.0,222.0,217.0,217.0,67900.0
2021-03-01,47770,218.0,219.0,217.0,217.0,0,0,15800.0,3436800.0,1.0,218.0,219.0,217.0,217.0,15800.0
2021-03-02,47770,217.0,218.0,213.0,214.0,0,0,34700.0,7468500.0,1.0,217.0,218.0,213.0,214.0,34700.0
2021-03-03,47770,215.0,216.0,213.0,213.0,0,0,11000.0,2354700.0,1.0,215.0,216.0,213.0,213.0,11000.0
2021-03-04,47770,211.0,213.0,209.0,213.0,0,0,26500.0,5583000.0,1.0,211.0,213.0,209.0,213.0,26500.0
2021-03-05,47770,210.0,211.0,207.0,209.0,0,0,24600.0,5135100.0,1.0,210.0,211.0,207.0,209.0,24600.0
2021-03-08,47770,210.0,215.0,210.0,211.0,0,0,19600.0,4168000.0,1.0,210.0,215.0,210.0,211.0,19600.0
2021-03-09,47770,211.0,214.0,210.0,212.0,0,0,15800.0,3337100.0,1.0,211.0,214.0,210.0,212.0,15800.0
2021-03-10,47770,211.0,214.0,211.0,212.0,0,0,6000.0,1274700.0,1.0,211.0,214.0,211.0,212.0,6000.0
2021-03-11,47770,211.0,213.0,210.0,212.0,0,0,9900.0,2099800.0,1.0,211.0,213.0,210.0,212.0,9900.0
2021-03-12,47770,211.0,214.0,211.0,212.0,0,0,12500.0,2652700.0,1.0,211.0,214.0,211.0,212.0,12500.0
2021-03-15,47770,212.0,215.0,212.0,214.0,0,0,25500.0,5442300.0,1.0,212.0,215.0,212.0,214.0,25500.0
2021-03-16,47770,216.0,217.0,215.0,217.0,0,0,20700.0,4477100.0,1.0,216.0,217.0,215.0,217.0,20700.0
2021-03-17,47770,216.0,225.0,215.0,222.0,0,0,68700.0,15121200.0,1.0,216.0,225.0,215.0,222.0,68700.0
2021-03-18,47770,250.0,300.0,238.0,239.0,0,0,8562300.0,2385560100.0,1.0,250.0,300.0,238.0,239.0,8562300.0
2021-03-19,47770,240.0,281.0,229.0,267.0,0,0,3967700.0,1036903000.0,1.0,240.0,281.0,229.0,267.0,3967700.0
2021-03-22,47770,258.0,283.0,255.0,257.0,0,0,1378800.0,371212400.0,1.0,258.0,283.0,255.0,257.0,1378800.0
2021-03-23,47770,252.0,261.0,238.0,239.0,0,0,622900.0,155055400.0,1.0,252.0,261.0,238.0,239.0,622900.0
2021-03-24,47770,236.0,273.0,235.0,271.0,0,0,1677800.0,434688500.0,1.0,236.0,273.0,235.0,271.0,1677800.0
2021-03-25,47770,266.0,269.0,255.0,261.0,0,0,498900.0,131077400.0,1.0,266.0,269.0,255.0,261.0,498900.0
2021-03-26,47770,261.0,295.0,255.0,293.0,0,0,1021100.0,284562600.0,1.0,261.0,295.0,255.0,293.0,1021100.0
2021-03-29,47770,294.0,353.0,291.0,320.0,0,0,4195100.0,1375530600.0,1.0,294.0,353.0,291.0,320.0,4195100.0
2021-03-30,47770,306.0,365.0,301.0,362.0,0,0,1857900.0,613431400.0,1.0,306.0,365.0,301.0,362.0,1857900.0
2021-03-31,47770,359.0,435.0,353.0,404.0,0,0,4723600.0,1865949200.0,1.0,359.0,435.0,353.0,404.0,4723600.0
2021-04-01,47770,399.0,401.0,368.0,375.0,0,0,1958000.0,749822200.0,1.0,399.0,401.0,368.0,375.0,1958000.0
2021-04-02,47770,353.0,364.0,334.0,353.0,0,0,1901500.0,660697300.0,1.0,353.0,364.0,334.0,353.0,1901500.0
2021-04-05,47770,345.0,352.0,319.0,321.0,0,0,1100700.0,365751800.0,1.0,345.0,352.0,319.0,321.0,1100700.0
2021-04-06,47770,335.0,364.0,322.0,329.0,0,0,2743200.0,944515800.0,1.0,335.0,364.0,322.0,329.0,2743200.0
2021-04-07,47770,321.0,334.0,316.0,322.0,0,0,622100.0,200726500.0,1.0,321.0,334.0,316.0,322.0,622100.0
2021-04-08,47770,338.0,385.0,325.0,326.0,0,0,7110300.0,2520129600.0,1.0,338.0,385.0,325.0,326.0,7110300.0
2021-04-09,47770,329.0,348.0,326.0,333.0,0,0,1276000.0,427581900.0,1.0,329.0,348.0,326.0,333.0,1276000.0
2021-04-12,47770,335.0,337.0,317.0,327.0,0,0,811000.0,264289700.0,1.0,335.0,337.0,317.0,327.0,811000.0
2021-04-13,47770,322.0,328.0,313.0,317.0,0,0,489900.0,156611200.0,1.0,322.0,328.0,313.0,317.0,489900.0
2021-04-14,47770,311.0,314.0,302.0,307.0,0,0,442200.0,135835500.0,1.0,311.0,314.0,302.0,307.0,442200.0
2021-04-15,47770,314.0,335.0,307.0,309.0,0,0,958000.0,305070300.0,1.0,314.0,335.0,307.0,309.0,958000.0
2021-04-16,47770,313.0,313.0,301.0,303.0,0,0,380100.0,116000400.0,1.0,313.0,313.0,301.0,303.0,380100.0
2021-04-19,47770,307.0,307.0,296.0,300.0,0,0,230300.0,69525100.0,1.0,307.0,307.0,296.0,300.0,230300.0
2021-04-20,47770,304.0,312.0,289.0,292.0,0,0,893800.0,267414400.0,1.0,304.0,312.0,289.0,292.0,893800.0
2021-04-21,47770,288.0,288.0,273.0,278.0,0,0,729200.0,204094600.0,1.0,288.0,288.0,273.0,278.0,729200.0
2021-04-22,47770,286.0,288.0,280.0,284.0,0,0,243800.0,69232500.0,1.0,286.0,288.0,280.0,284.0,243800.0
2021-04-23,47770,280.0,287.0,275.0,275.0,0,0,181700.0,51039500.0,1.0,280.0,287.0,275.0,275.0,181700.0
2021-04-26,47770,280.0,296.0,267.0,276.0,0,0,420000.0,116745100.0,1.0,280.0,296.0,267.0,276.0,420000.0
2021-04-27,47770,282.0,282.0,267.0,270.0,0,0,160100.0,43618400.0,1.0,282.0,282.0,267.0,270.0,160100.0
2021-04-28,47770,264.0,271.0,261.0,264.0,0,0,206600.0,54792900.0,1.0,264.0,271.0,261.0,264.0,206600.0
2021-04-30,47770,263.0,265.0,258.0,259.0,0,0,192600.0,50335800.0,1.0,263.0,265.0,258.0,259.0,192600.0
2021-05-06,47770,259.0,284.0,259.0,266.0,0,0,526800.0,143192700.0,1.0,259.0,284.0,259.0,266.0,526800.0
2021-05-07,47770,271.0,273.0,257.0,261.0,0,0,231500.0,61044900.0,1.0,271.0,273.0,257.0,261.0,231500.0
2021-05-10,47770,262.0,265.0,258.0,260.0,0,0,93700.0,24476600.0,1.0,262.0,265.0,258.0,260.0,93700.0
2021-05-11,47770,261.0,264.0,251.0,251.0,0,0,149200.0,38304500.0,1.0,261.0,264.0,251.0,251.0,149200.0
2021-05-12,47770,251.0,262.0,246.0,254.0,0,0,185100.0,47038600.0,1.0,251.0,262.0,246.0,254.0,185100.0
2021-05-13,47770,246.0,256.0,243.0,244.0,0,0,237000.0,59048900.0,1.0,246.0,256.0,243.0,244.0,237000.0
2021-05-14,47770,252.0,268.0,247.0,258.0,0,0,324800.0,83672500.0,1.0,252.0,268.0,247.0,258.0,324800.0
2021-05-17,47770,253.0,278.0,247.0,269.0,0,0,559400.0,147274700.0,1.0,253.0,278.0,247.0,269.0,559400.0
2021-05-18,47770,264.0,271.0,254.0,254.0,0,0,582900.0,152204900.0,1.0,264.0,271.0,254.0,254.0,582900.0
2021-05-19,47770,254.0,266.0,253.0,261.0,0,0,177400.0,46026200.0,1.0,254.0,266.0,253.0,261.0,177400.0
2021-05-20,47770,262.0,268.0,260.0,264.0,0,0,110700.0,29303400.0,1.0,262.0,268.0,260.0,264.0,110700.0
2021-05-21,47770,267.0,293.0,265.0,278.0,0,0,1014600.0,285245200.0,1.0,267.0,293.0,265.0,278.0,1014600.0
2021-05-24,47770,275.0,277.0,265.0,265.0,0,0,220500.0,59561500.0,1.0,275.0,277.0,265.0,265.0,220500.0
2021-05-25,47770,271.0,294.0,267.0,285.0,0,0,604000.0,172262600.0,1.0,271.0,294.0,267.0,285.0,604000.0
2021-05-26,47770,280.0,288.0,277.0,282.0,0,0,279400.0,78758800.0,1.0,280.0,288.0,277.0,282.0,279400.0
2021-05-27,47770,283.0,297.0,278.0,278.0,0,0,646200.0,187220600.0,1.0,283.0,297.0,278.0,278.0,646200.0
2021-05-28,47770,279.0,286.0,263.0,266.0,0,0,427500.0,116315900.0,1.0,279.0,286.0,263.0,266.0,427500.0
2021-05-31,47770,265.0,270.0,257.0,264.0,0,0,198000.0,52166300.0,1.0,265.0,270.0,257.0,264.0,198000.0
2021-06-01,47770,264.0,278.0,264.0,276.0,0,0,157900.0,43115100.0,1.0,264.0,278.0,264.0,276.0,157900.0
2021-06-02,47770,274.0,281.0,272.0,276.0,0,0,178600.0,49363500.0,1.0,274.0,281.0,272.0,276.0,178600.0
2021-06-03,47770,276.0,278.0,262.0,264.0,0,0,285000.0,76440100.0,1.0,276.0,278.0,262.0,264.0,285000.0
2021-06-04,47770,265.0,270.0,259.0,261.0,0,0,162600.0,42786600.0,1.0,265.0,270.0,259.0,261.0,162600.0
2021-06-07,47770,261.0,267.0,259.0,260.0,0,0,68500.0,17954700.0,1.0,261.0,267.0,259.0,260.0,68500.0
2021-06-08,47770,260.0,265.0,260.0,263.0,0,0,77700.0,20425800.0,1.0,260.0,265.0,260.0,263.0,77700.0
2021-06-09,47770,265.0,268.0,262.0,266.0,0,0,83100.0,21962700.0,1.0,265.0,268.0,262.0,266.0,83100.0
2021-06-10,47770,267.0,274.0,266.0,272.0,0,0,102400.0,27658900.0,1.0,267.0,274.0,266.0,272.0,102400.0
2021-06-11,47770,274.0,275.0,256.0,257.0,0,0,287400.0,75699800.0,1.0,274.0,275.0,256.0,257.0,287400.0
2021-06-14,47770,257.0,263.0,257.0,260.0,0,0,99900.0,25902500.0,1.0,257.0,263.0,257.0,260.0,99900.0
2021-06-15,47770,257.0,261.0,252.0,254.0,0,0,174000.0,44481400.0,1.0,257.0,261.0,252.0,254.0,174000.0
2021-06-16,47770,251.0,257.0,251.0,257.0,0,0,92300.0,23433100.0,1.0,251.0,257.0,251.0,257.0,92300.0
2021-06-17,47770,256.0,260.0,254.0,258.0,0,0,83000.0,21339900.0,1.0,256.0,260.0,254.0,258.0,83000.0
2021-06-18,47770,256.0,262.0,250.0,250.0,0,0,137000.0,34826100.0,1.0,256.0,262.0,250.0,250.0,137000.0
2021-06-21,47770,245.0,252.0,242.0,242.0,0,0,143900.0,35360600.0,1.0,245.0,252.0,242.0,242.0,143900.0
2021-06-22,47770,248.0,250.0,243.0,244.0,0,0,102900.0,25352500.0,1.0,248.0,250.0,243.0,244.0,102900.0
2021-06-23,47770,244.0,247.0,235.0,244.0,0,0,166900.0,40289600.0,1.0,244.0,247.0,235.0,244.0,166900.0
2021-06-24,47770,245.0,246.0,239.0,239.0,0,0,66900.0,16132700.0,1.0,245.0,246.0,239.0,239.0,66900.0
2021-06-25,47770,243.0,243.0,239.0,240.0,0,0,41600.0,10007500.0,1.0,243.0,243.0,239.0,240.0,41600.0
2021-06-28,47770,239.0,249.0,239.0,249.0,0,0,85900.0,20925700.0,1.0,239.0,249.0,239.0,249.0,85900.0
2021-06-29,47770,249.0,251.0,241.0,246.0,0,0,78300.0,19172700.0,1.0,249.0,251.0,241.0,246.0,78300.0
2021-06-30,47770,248.0,250.0,243.0,245.0,0,0,38200.0,9383800.0,1.0,248.0,250.0,243.0,245.0,38200.0
2021-07-01,47770,245.0,245.0,239.0,241.0,0,0,50000.0,12090700.0,1.0,245.0,245.0,239.0,241.0,50000.0
2021-07-02,47770,240.0,244.0,239.0,243.0,0,0,57000.0,13756200.0,1.0,240.0,244.0,239.0,243.0,57000.0
2021-07-05,47770,243.0,245.0,240.0,244.0,0,0,28900.0,7002400.0,1.0,243.0,245.0,240.0,244.0,28900.0
2021-07-06,47770,243.0,245.0,240.0,240.0,0,0,53000.0,12853600.0,1.0,243.0,245.0,240.0,240.0,53000.0
2021-07-07,47770,240.0,241.0,234.0,234.0,0,0,60800.0,14378600.0,1.0,240.0,241.0,234.0,234.0,60800.0
2021-07-08,47770,234.0,234.0,225.0,225.0,0,0,104600.0,23879400.0,1.0,234.0,234.0,225.0,225.0,104600.0
2021-07-09,47770,222.0,232.0,222.0,231.0,0,0,107100.0,24386100.0,1.0,222.0,232.0,222.0,231.0,107100.0
2021-07-12,47770,232.0,237.0,230.0,235.0,0,0,53200.0,12440100.0,1.0,232.0,237.0,230.0,235.0,53200.0
2021-07-13,47770,237.0,241.0,235.0,239.0,0,0,46200.0,11020700.0,1.0,237.0,241.0,235.0,239.0,46200.0
2021-07-14,47770,236.0,241.0,235.0,239.0,0,0,47400.0,11316100.0,1.0,236.0,241.0,235.0,239.0,47400.0
2021-07-15,47770,239.0,239.0,234.0,234.0,0,0,30400.0,7170100.0,1.0,239.0,239.0,234.0,234.0,30400.0
2021-07-16,47770,232.0,236.0,230.0,236.0,0,0,28100.0,6555500.0,1.0,232.0,236.0,230.0,236.0,28100.0
2021-07-19,47770,231.0,233.0,228.0,230.0,0,0,35900.0,8263900.0,1.0,231.0,233.0,228.0,230.0,35900.0
2021-07-20,47770,229.0,232.0,227.0,227.0,0,0,52900.0,12112100.0,1.0,229.0,232.0,227.0,227.0,52900.0
2021-07-21,47770,232.0,235.0,227.0,229.0,0,0,34900.0,8064800.0,1.0,232.0,235.0,227.0,229.0,34900.0
2021-07-26,47770,231.0,274.0,227.0,240.0,0,0,1021500.0,256682300.0,1.0,231.0,274.0,227.0,240.0,1021500.0
2021-07-27,47770,237.0,245.0,231.0,236.0,0,0,223100.0,52721600.0,1.0,237.0,245.0,231.0,236.0,223100.0
2021-07-28,47770,237.0,237.0,228.0,228.0,0,0,87400.0,20173200.0,1.0,237.0,237.0,228.0,228.0,87400.0
2021-07-29,47770,233.0,236.0,230.0,230.0,0,0,35500.0,8245100.0,1.0,233.0,236.0,230.0,230.0,35500.0
2021-07-30,47770,230.0,230.0,225.0,225.0,0,0,30000.0,6816400.0,1.0,230.0,230.0,225.0,225.0,30000.0
2021-08-02,47770,225.0,228.0,224.0,226.0,0,0,21400.0,4831800.0,1.0,225.0,228.0,224.0,226.0,21400.0
2021-08-03,47770,226.0,230.0,223.0,225.0,0,0,46900.0,10583600.0,1.0,226.0,230.0,223.0,225.0,46900.0
2021-08-04,47770,223.0,225.0,220.0,222.0,0,0,51200.0,11401300.0,1.0,223.0,225.0,220.0,222.0,51200.0
2021-08-05,47770,220.0,253.0,218.0,222.0,0,0,744300.0,175158000.0,1.0,220.0,253.0,218.0,222.0,744300.0
2021-08-06,47770,219.0,231.0,217.0,227.0,0,0,139200.0,31048000.0,1.0,219.0,231.0,217.0,227.0,139200.0
2021-08-10,47770,228.0,231.0,226.0,228.0,0,0,55800.0,12726400.0,1.0,228.0,231.0,226.0,228.0,55800.0
2021-08-11,47770,231.0,233.0,228.0,230.0,0,0,25600.0,5885700.0,1.0,231.0,233.0,228.0,230.0,25600.0
2021-08-12,47770,229.0,229.0,225.0,225.0,0,0,35700.0,8133100.0,1.0,229.0,229.0,225.0,225.0,35700.0
2021-08-13,47770,228.0,231.0,223.0,230.0,0,0,96800.0,22065100.0,1.0,228.0,231.0,223.0,230.0,96800.0
2021-08-16,47770,218.0,221.0,215.0,218.0,0,0,110400.0,23991400.0,1.0,218.0,221.0,215.0,218.0,110400.0
2021-08-17,47770,219.0,219.0,210.0,212.0,0,0,52900.0,11294900.0,1.0,219.0,219.0,210.0,212.0,52900.0
2021-08-18,47770,214.0,215.0,211.0,214.0,0,0,24500.0,5243400.0,1.0,214.0,215.0,211.0,214.0,24500.0
2021-08-19,47770,210.0,214.0,210.0,211.0,0,0,43300.0,9142100.0,1.0,210.0,214.0,210.0,211.0,43300.0
2021-08-20,47770,212.0,216.0,210.0,210.0,0,0,75400.0,16017400.0,1.0,212.0,216.0,210.0,210.0,75400.0
2021-08-23,47770,210.0,211.0,205.0,209.0,0,0,56400.0,11743100.0,1.0,210.0,211.0,205.0,209.0,56400.0
2021-08-24,47770,210.0,215.0,208.0,215.0,0,0,20200.0,4273900.0,1.0,210.0,215.0,208.0,215.0,20200.0
2021-08-25,47770,215.0,218.0,210.0,214.0,0,0,66900.0,14272100.0,1.0,215.0,218.0,210.0,214.0,66900.0
2021-08-26,47770,230.0,255.0,219.0,222.0,0,0,1739900.0,410169600.0,1.0,230.0,255.0,219.0,222.0,1739900.0
2021-08-27,47770,220.0,229.0,217.0,225.0,0,0,150900.0,33838700.0,1.0,220.0,229.0,217.0,225.0,150900.0
2021-08-30,47770,223.0,231.0,223.0,229.0,0,0,67000.0,15177700.0,1.0,223.0,231.0,223.0,229.0,67000.0
2021-08-31,47770,231.0,231.0,222.0,228.0,0,0,65500.0,14763400.0,1.0,231.0,231.0,222.0,228.0,65500.0
2021-09-01,47770,228.0,228.0,224.0,226.0,0,0,31700.0,7155800.0,1.0,228.0,228.0,224.0,226.0,31700.0
2021-09-02,47770,225.0,225.0,221.0,222.0,0,0,51400.0,11443500.0,1.0,225.0,225.0,221.0,222.0,51400.0
2021-09-03,47770,223.0,229.0,223.0,227.0,0,0,39400.0,8906200.0,1.0,223.0,229.0,223.0,227.0,39400.0
2021-09-06,47770,225.0,230.0,225.0,228.0,0,0,35200.0,7998600.0,1.0,225.0,230.0,225.0,228.0,35200.0
2021-09-07,47770,228.0,230.0,226.0,229.0,0,0,22500.0,5132700.0,1.0,228.0,230.0,226.0,229.0,22500.0
2021-09-08,47770,226.0,229.0,224.0,225.0,0,0,43300.0,9815400.0,1.0,226.0,229.0,224.0,225.0,43300.0
2021-09-09,47770,225.0,227.0,224.0,224.0,0,0,23100.0,5203800.0,1.0,225.0,227.0,224.0,224.0,23100.0
2021-09-10,47770,225.0,227.0,224.0,226.0,0,0,21100.0,4761600.0,1.0,225.0,227.0,224.0,226.0,21100.0
2021-09-13,47770,226.0,229.0,225.0,229.0,0,0,18900.0,4286500.0,1.0,226.0,229.0,225.0,229.0,18900.0
2021-09-14,47770,230.0,240.0,228.0,232.0,0,0,187500.0,43664100.0,1.0,230.0,240.0,228.0,232.0,187500.0
2021-09-15,47770,233.0,233.0,226.0,230.0,0,0,71300.0,16341800.0,1.0,233.0,233.0,226.0,230.0,71300.0
2021-09-16,47770,230.0,232.0,222.0,226.0,0,0,82100.0,18639700.0,1.0,230.0,232.0,222.0,226.0,82100.0
2021-09-17,47770,223.0,226.0,223.0,225.0,0,0,31600.0,7083700.0,1.0,223.0,226.0,223.0,225.0,31600.0
2021-09-21,47770,218.0,221.0,216.0,219.0,0,0,47500.0,10345900.0,1.0,218.0,221.0,216.0,219.0,47500.0
2021-09-22,47770,216.0,217.0,214.0,215.0,0,0,56800.0,12223800.0,1.0,216.0,217.0,214.0,215.0,56800.0
2021-09-24,47770,217.0,220.0,215.0,220.0,0,0,39900.0,8692900.0,1.0,217.0,220.0,215.0,220.0,39900.0
2021-09-27,47770,220.0,226.0,219.0,222.0,0,0,57700.0,12821500.0,1.0,220.0,226.0,219.0,222.0,57700.0
2021-09-28,47770,221.0,223.0,220.0,220.0,0,0,21300.0,4706100.0,1.0,221.0,223.0,220.0,220.0,21300.0
2021-09-29,47770,222.0,222.0,217.0,220.0,0,0,21600.0,4755300.0,1.0,222.0,222.0,217.0,220.0,21600.0
2021-09-30,47770,220.0,228.0,220.0,225.0,0,0,42000.0,9375300.0,1.0,220.0,228.0,220.0,225.0,42000.0
2021-10-01,47770,222.0,223.0,216.0,220.0,0,0,73400.0,16135300.0,1.0,222.0,223.0,216.0,220.0,73400.0
2021-10-04,47770,221.0,221.0,210.0,214.0,0,0,65600.0,14006400.0,1.0,221.0,221.0,210.0,214.0,65600.0
2021-10-05,47770,210.0,212.0,206.0,209.0,0,0,62600.0,13086600.0,1.0,210.0,212.0,206.0,209.0,62600.0
2021-10-06,47770,210.0,213.0,208.0,208.0,0,0,52400.0,10979500.0,1.0,210.0,213.0,208.0,208.0,52400.0
2021-10-07,47770,210.0,213.0,209.0,212.0,0,0,35500.0,7484100.0,1.0,210.0,213.0,209.0,212.0,35500.0
2021-10-08,47770,208.0,214.0,208.0,213.0,0,0,56700.0,11949800.0,1.0,208.0,214.0,208.0,213.0,56700.0
2021-10-11,47770,215.0,217.0,212.0,216.0,0,0,29200.0,6263300.0,1.0,215.0,217.0,212.0,216.0,29200.0
2021-10-12,47770,214.0,214.0,211.0,213.0,0,0,36300.0,7726800.0,1.0,214.0,214.0,211.0,213.0,36300.0
2021-10-13,47770,213.0,213.0,207.0,211.0,0,0,60700.0,12740400.0,1.0,213.0,213.0,207.0,211.0,60700.0
2021-10-14,47770,209.0,212.0,209.0,211.0,0,0,29300.0,6146800.0,1.0,209.0,212.0,209.0,211.0,29300.0
2021-10-15,47770,209.0,212.0,208.0,209.0,0,0,44800.0,9382800.0,1.0,209.0,212.0,208.0,209.0,44800.0
2021-10-18,47770,210.0,212.0,209.0,210.0,0,0,29200.0,6133400.0,1.0,210.0,212.0,209.0,210.0,29200.0
2021-10-19,47770,212.0,212.0,210.0,211.0,0,0,8400.0,1769400.0,1.0,212.0,212.0,210.0,211.0,8400.0
2021-10-20,47770,213.0,214.0,211.0,214.0,0,0,22000.0,4679700.0,1.0,213.0,214.0,211.0,214.0,22000.0
2021-10-21,47770,214.0,214.0,212.0,214.0,0,0,18100.0,3860400.0,1.0,214.0,214.0,212.0,214.0,18100.0
2021-10-22,47770,212.0,214.0,208.0,211.0,0,0,41500.0,8733100.0,1.0,212.0,214.0,208.0,211.0,41500.0
2021-10-25,47770,211.0,232.0,208.0,220.0,0,0,326700.0,71168600.0,1.0,211.0,232.0,208.0,220.0,326700.0
2021-10-26,47770,221.0,224.0,211.0,215.0,0,0,142000.0,30622200.0,1.0,221.0,224.0,211.0,215.0,142000.0
2021-10-27,47770,223.0,290.0,218.0,250.0,0,0,4731000.0,1233278700.0,1.0,223.0,290.0,218.0,250.0,4731000.0
2021-10-28,47770,265.0,300.0,263.0,299.0,0,0,6441000.0,1824871800.0,1.0,265.0,300.0,263.0,299.0,6441000.0
2021-10-29,47770,291.0,308.0,275.0,294.0,0,0,3753800.0,1102110700.0,1.0,291.0,308.0,275.0,294.0,3753800.0
2021-11-01,47770,307.0,334.0,299.0,310.0,0,0,2899900.0,910069100.0,1.0,307.0,334.0,299.0,310.0,2899900.0
2021-11-02,47770,308.0,320.0,287.0,300.0,0,0,1801500.0,540202400.0,1.0,308.0,320.0,287.0,300.0,1801500.0
2021-11-04,47770,304.0,304.0,270.0,271.0,0,0,1133100.0,321125000.0,1.0,304.0,304.0,270.0,271.0,1133100.0
2021-11-05,47770,275.0,291.0,270.0,286.0,0,0,812900.0,228385500.0,1.0,275.0,291.0,270.0,286.0,812900.0
2021-11-08,47770,281.0,282.0,262.0,272.0,0,0,596000.0,161199600.0,1.0,281.0,282.0,262.0,272.0,596000.0
2021-11-09,47770,269.0,274.0,264.0,268.0,0,0,272200.0,73246600.0,1.0,269.0,274.0,264.0,268.0,272200.0
2021-11-10,47770,270.0,274.0,261.0,268.0,0,0,245300.0,65462100.0,1.0,270.0,274.0,261.0,268.0,245300.0
2021-11-11,47770,264.0,265.0,252.0,252.0,0,0,247400.0,63516200.0,1.0,264.0,265.0,252.0,252.0,247400.0
2021-11-12,47770,256.0,273.0,255.0,263.0,0,0,325800.0,86279900.0,1.0,256.0,273.0,255.0,263.0,325800.0
2021-11-15,47770,249.0,269.0,235.0,264.0,0,0,446600.0,112850700.0,1.0,249.0,269.0,235.0,264.0,446600.0
2021-11-16,47770,259.0,273.0,257.0,267.0,0,0,207600.0,55181400.0,1.0,259.0,273.0,257.0,267.0,207600.0
2021-11-17,47770,266.0,344.0,265.0,314.0,0,0,3829800.0,1207111200.0,1.0,266.0,344.0,265.0,314.0,3829800.0
2021-11-18,47770,330.0,345.0,300.0,311.0,0,0,1897300.0,607769900.0,1.0,330.0,345.0,300.0,311.0,1897300.0
2021-11-19,47770,309.0,322.0,294.0,297.0,0,0,503000.0,152581500.0,1.0,309.0,322.0,294.0,297.0,503000.0
2021-11-22,47770,293.0,320.0,288.0,312.0,0,0,636000.0,196177300.0,1.0,293.0,320.0,288.0,312.0,636000.0
2021-11-24,47770,313.0,315.0,302.0,310.0,0,0,325800.0,100475300.0,1.0,313.0,315.0,302.0,310.0,325800.0
2021-11-25,47770,306.0,311.0,293.0,294.0,0,0,316400.0,94484500.0,1.0,306.0,311.0,293.0,294.0,316400.0
2021-11-26,47770,290.0,301.0,288.0,291.0,0,0,216100.0,63526500.0,1.0,290.0,301.0,288.0,291.0,216100.0
2021-11-29,47770,280.0,317.0,280.0,298.0,0,0,334200.0,100338300.0,1.0,280.0,317.0,280.0,298.0,334200.0
2021-11-30,47770,304.0,313.0,288.0,293.0,0,0,238700.0,71101200.0,1.0,304.0,313.0,288.0,293.0,238700.0
2021-12-01,47770,292.0,292.0,277.0,282.0,0,0,302100.0,85668800.0,1.0,292.0,292.0,277.0,282.0,302100.0
2021-12-02,47770,290.0,310.0,266.0,270.0,0,0,588500.0,165980400.0,1.0,290.0,310.0,266.0,270.0,588500.0
2021-12-03,47770,266.0,276.0,261.0,272.0,0,0,192200.0,51995700.0,1.0,266.0,276.0,261.0,272.0,192200.0
2021-12-06,47770,267.0,272.0,262.0,264.0,0,0,112400.0,29816500.0,1.0,267.0,272.0,262.0,264.0,112400.0
2021-12-07,47770,268.0,281.0,266.0,277.0,0,0,166700.0,45740400.0,1.0,268.0,281.0,266.0,277.0,166700.0
2021-12-08,47770,284.0,284.0,276.0,279.0,0,0,118800.0,33265000.0,1.0,284.0,284.0,276.0,279.0,118800.0
2021-12-09,47770,281.0,291.0,277.0,282.0,0,0,169200.0,48004100.0,1.0,281.0,291.0,277.0,282.0,169200.0
2021-12-10,47770,283.0,283.0,264.0,266.0,0,0,236400.0,63997000.0,1.0,283.0,283.0,264.0,266.0,236400.0
2021-12-13,47770,270.0,270.0,257.0,257.0,0,0,166000.0,43383100.0,1.0,270.0,270.0,257.0,257.0,166000.0
2021-12-14,47770,262.0,262.0,253.0,254.0,0,0,83100.0,21230300.0,1.0,262.0,262.0,253.0,254.0,83100.0
2021-12-15,47770,250.0,257.0,248.0,250.0,0,0,93500.0,23526000.0,1.0,250.0,257.0,248.0,250.0,93500.0
2021-12-16,47770,252.0,260.0,251.0,260.0,0,0,97200.0,24806400.0,1.0,252.0,260.0,251.0,260.0,97200.0
2021-12-17,47770,254.0,255.0,239.0,241.0,0,0,156600.0,38506900.0,1.0,254.0,255.0,239.0,241.0,156600.0
2021-12-20,47770,243.0,250.0,235.0,236.0,0,0,179300.0,43387600.0,1.0,243.0,250.0,235.0,236.0,179300.0
2021-12-21,47770,237.0,247.0,234.0,239.0,0,0,116400.0,27922300.0,1.0,237.0,247.0,234.0,239.0,116400.0
2021-12-22,47770,245.0,253.0,240.0,248.0,0,0,219100.0,54104700.0,1.0,245.0,253.0,240.0,248.0,219100.0
2021-12-23,47770,247.0,249.0,241.0,241.0,0,0,63600.0,15565100.0,1.0,247.0,249.0,241.0,241.0,63600.0
2021-12-24,47770,241.0,245.0,236.0,236.0,0,0,93900.0,22622000.0,1.0,241.0,245.0,236.0,236.0,93900.0
2021-12-27,47770,237.0,240.0,227.0,228.0,0,0,144100.0,33436500.0,1.0,237.0,240.0,227.0,228.0,144100.0
2021-12-28,47770,230.0,233.0,226.0,232.0,0,0,216100.0,49578400.0,1.0,230.0,233.0,226.0,232.0,216100.0
2021-12-29,47770,230.0,233.0,222.0,227.0,0,0,196600.0,44797400.0,1.0,230.0,233.0,222.0,227.0,196600.0
2021-12-30,47770,231.0,231.0,221.0,221.0,0,0,265300.0,59140300.0,1.0,231.0,231.0,221.0,221.0,265300.0
2022-01-04,47770,224.0,232.0,224.0,232.0,0,0,109600.0,24921400.0,1.0,224.0,232.0,224.0,232.0,109600.0
2022-01-05,47770,235.0,236.0,223.0,223.0,0,0,129000.0,29269100.0,1.0,235.0,236.0,223.0,223.0,129000.0
2022-01-06,47770,222.0,222.0,215.0,219.0,0,0,205600.0,44864000.0,1.0,222.0,222.0,215.0,219.0,205600.0
2022-01-07,47770,217.0,222.0,212.0,213.0,0,0,173000.0,37286300.0,1.0,217.0,222.0,212.0,213.0,173000.0
2022-01-11,47770,213.0,216.0,210.0,214.0,0,0,92900.0,19732500.0,1.0,213.0,216.0,210.0,214.0,92900.0
2022-01-12,47770,217.0,222.0,216.0,218.0,0,0,107100.0,23488900.0,1.0,217.0,222.0,216.0,218.0,107100.0
2022-01-13,47770,218.0,218.0,205.0,208.0,0,0,207100.0,43717900.0,1.0,218.0,218.0,205.0,208.0,207100.0
2022-01-14,47770,207.0,213.0,205.0,208.0,0,0,132400.0,27498500.0,1.0,207.0,213.0,205.0,208.0,132400.0
2022-01-17,47770,208.0,210.0,203.0,203.0,0,0,143800.0,29578000.0,1.0,208.0,210.0,203.0,203.0,143800.0
2022-01-18,47770,202.0,208.0,201.0,204.0,0,0,83300.0,17047900.0,1.0,202.0,208.0,201.0,204.0,83300.0
2022-01-19,47770,202.0,204.0,197.0,197.0,0,0,129500.0,25991900.0,1.0,202.0,204.0,197.0,197.0,129500.0
2022-01-20,47770,197.0,205.0,197.0,205.0,0,0,62500.0,12549400.0,1.0,197.0,205.0,197.0,205.0,62500.0
2022-01-21,47770,201.0,208.0,199.0,208.0,0,0,88400.0,17910900.0,1.0,201.0,208.0,199.0,208.0,88400.0
2022-01-24,47770,203.0,205.0,199.0,205.0,0,0,75700.0,15228900.0,1.0,203.0,205.0,199.0,205.0,75700.0
2022-01-25,47770,201.0,205.0,196.0,201.0,0,0,113700.0,22572500.0,1.0,201.0,205.0,196.0,201.0,113700.0
2022-01-26,47770,200.0,203.0,198.0,200.0,0,0,52200.0,10488700.0,1.0,200.0,203.0,198.0,200.0,52200.0
2022-01-27,47770,200.0,201.0,187.0,190.0,0,0,176000.0,33852700.0,1.0,200.0,201.0,187.0,190.0,176000.0
2022-01-28,47770,190.0,191.0,184.0,186.0,0,0,98500.0,18475800.0,1.0,190.0,191.0,184.0,186.0,98500.0
2022-01-31,47770,185.0,195.0,185.0,194.0,0,0,76800.0,14673300.0,1.0,185.0,195.0,185.0,194.0,76800.0
2022-02-01,47770,194.0,201.0,193.0,195.0,0,0,95900.0,18932200.0,1.0,194.0,201.0,193.0,195.0,95900.0
2022-02-02,47770,195.0,204.0,195.0,203.0,0,0,94500.0,19029900.0,1.0,195.0,204.0,195.0,203.0,94500.0
2022-02-03,47770,205.0,205.0,197.0,200.0,0,0,59300.0,11848300.0,1.0,205.0,205.0,197.0,200.0,59300.0
2022-02-04,47770,201.0,205.0,197.0,202.0,0,0,76300.0,15404600.0,1.0,201.0,205.0,197.0,202.0,76300.0
2022-02-07,47770,200.0,203.0,198.0,202.0,0,0,68800.0,13769400.0,1.0,200.0,203.0,198.0,202.0,68800.0
2022-02-08,47770,204.0,204.0,198.0,198.0,0,0,38300.0,7689900.0,1.0,204.0,204.0,198.0,198.0,38300.0
2022-02-09,47770,199.0,203.0,198.0,202.0,0,0,55500.0,11144400.0,1.0,199.0,203.0,198.0,202.0,55500.0
2022-02-10,47770,203.0,204.0,199.0,200.0,0,0,67300.0,13544600.0,1.0,203.0,204.0,199.0,200.0,67300.0
2022-02-14,47770,198.0,198.0,192.0,197.0,0,0,81300.0,15966700.0,1.0,198.0,198.0,192.0,197.0,81300.0
2022-02-15,47770,197.0,201.0,195.0,195.0,0,0,46700.0,9233400.0,1.0,197.0,201.0,195.0,195.0,46700.0
2022-02-16,47770,197.0,201.0,197.0,197.0,0,0,48700.0,9687500.0,1.0,197.0,201.0,197.0,197.0,48700.0
2022-02-17,47770,201.0,201.0,195.0,197.0,0,0,50900.0,10052400.0,1.0,201.0,201.0,195.0,197.0,50900.0
2022-02-18,47770,188.0,198.0,185.0,195.0,0,0,166700.0,31783000.0,1.0,188.0,198.0,185.0,195.0,166700.0
2022-02-21,47770,194.0,195.0,190.0,192.0,0,0,68900.0,13261300.0,1.0,194.0,195.0,190.0,192.0,68900.0
2022-02-22,47770,189.0,193.0,187.0,188.0,0,0,60400.0,11449200.0,1.0,189.0,193.0,187.0,188.0,60400.0
2022-02-24,47770,188.0,189.0,177.0,177.0,0,0,108500.0,19721400.0,1.0,188.0,189.0,177.0,177.0,108500.0
2022-02-25,47770,177.0,194.0,177.0,191.0,0,0,115900.0,21888700.0,1.0,177.0,194.0,177.0,191.0,115900.0
2022-02-28,47770,186.0,197.0,186.0,197.0,0,0,46700.0,9013400.0,1.0,186.0,197.0,186.0,197.0,46700.0
2022-03-01,47770,196.0,201.0,196.0,200.0,0,0,64600.0,12875700.0,1.0,196.0,201.0,196.0,200.0,64600.0
2022-03-02,47770,199.0,200.0,196.0,197.0,0,0,37600.0,7441000.0,1.0,199.0,200.0,196.0,197.0,37600.0
2022-03-03,47770,198.0,199.0,193.0,193.0,0,0,32700.0,6393500.0,1.0,198.0,199.0,193.0,193.0,32700.0
2022-03-04,47770,191.0,192.0,176.0,187.0,0,0,204600.0,37571200.0,1.0,191.0,192.0,176.0,187.0,204600.0
2022-03-07,47770,185.0,187.0,176.0,180.0,0,0,140500.0,25238000.0,1.0,185.0,187.0,176.0,180.0,140500.0
2022-03-08,47770,176.0,189.0,176.0,180.0,0,0,76100.0,13907200.0,1.0,176.0,189.0,176.0,180.0,76100.0
2022-03-09,47770,180.0,185.0,178.0,181.0,0,0,70000.0,12697900.0,1.0,180.0,185.0,178.0,181.0,70000.0
2022-03-10,47770,185.0,190.0,184.0,184.0,0,0,104700.0,19556200.0,1.0,185.0,190.0,184.0,184.0,104700.0
2022-03-11,47770,188.0,188.0,181.0,184.0,0,0,46800.0,8593400.0,1.0,188.0,188.0,181.0,184.0,46800.0
2022-03-14,47770,187.0,189.0,181.0,184.0,0,0,52000.0,9603700.0,1.0,187.0,189.0,181.0,184.0,52000.0
2022-03-15,47770,181.0,188.0,181.0,186.0,0,0,39800.0,7369200.0,1.0,181.0,188.0,181.0,186.0,39800.0
2022-03-16,47770,189.0,193.0,185.0,189.0,0,0,50500.0,9568600.0,1.0,189.0,193.0,185.0,189.0,50500.0
2022-03-17,47770,191.0,198.0,191.0,198.0,0,0,78700.0,15389900.0,1.0,191.0,198.0,191.0,198.0,78700.0
2022-03-18,47770,195.0,198.0,194.0,195.0,0,0,39700.0,7765700.0,1.0,195.0,198.0,194.0,195.0,39700.0
2022-03-22,47770,195.0,196.0,192.0,194.0,0,0,46400.0,8982000.0,1.0,195.0,196.0,192.0,194.0,46400.0
2022-03-23,47770,197.0,200.0,195.0,198.0,0,0,40100.0,7954000.0,1.0,197.0,200.0,195.0,198.0,40100.0
2022-03-24,47770,200.0,201.0,196.0,201.0,0,0,37900.0,7549100.0,1.0,200.0,201.0,196.0,201.0,37900.0
2022-03-25,47770,201.0,201.0,197.0,198.0,0,0,39900.0,7934200.0,1.0,201.0,201.0,197.0,198.0,39900.0
2022-03-28,47770,198.0,199.0,196.0,196.0,0,0,33600.0,6623900.0,1.0,198.0,199.0,196.0,196.0,33600.0
2022-03-29,47770,197.0,199.0,196.0,198.0,0,0,18600.0,3675000.0,1.0,197.0,199.0,196.0,198.0,18600.0
2022-03-30,47770,197.0,198.0,196.0,197.0,0,0,29300.0,5770800.0,1.0,197.0,198.0,196.0,197.0,29300.0
2022-03-31,47770,197.0,201.0,197.0,201.0,0,0,41100.0,8185700.0,1.0,197.0,201.0,197.0,201.0,41100.0
2022-04-01,47770,201.0,201.0,197.0,200.0,0,0,42100.0,8344700.0,1.0,201.0,201.0,197.0,200.0,42100.0
2022-04-04,47770,199.0,201.0,195.0,198.0,0,0,48300.0,9547600.0,1.0,199.0,201.0,195.0,198.0,48300.0
2022-04-05,47770,198.0,200.0,196.0,200.0,0,0,73900.0,14629300.0,1.0,198.0,200.0,196.0,200.0,73900.0
2022-04-06,47770,199.0,199.0,196.0,198.0,0,0,35200.0,6958700.0,1.0,199.0,199.0,196.0,198.0,35200.0
2022-04-07,47770,196.0,196.0,191.0,193.0,0,0,62600.0,12098300.0,1.0,196.0,196.0,191.0,193.0,62600.0
2022-04-08,47770,192.0,196.0,191.0,193.0,0,0,44500.0,8583500.0,1.0,192.0,196.0,191.0,193.0,44500.0
2022-04-11,47770,192.0,193.0,188.0,188.0,0,0,49400.0,9397400.0,1.0,192.0,193.0,188.0,188.0,49400.0
2022-04-12,47770,188.0,192.0,185.0,188.0,0,0,39600.0,7411900.0,1.0,188.0,192.0,185.0,188.0,39600.0
2022-04-13,47770,192.0,194.0,191.0,191.0,0,0,32700.0,6279200.0,1.0,192.0,194.0,191.0,191.0,32700.0
2022-04-14,47770,192.0,192.0,188.0,190.0,0,0,40500.0,7685600.0,1.0,192.0,192.0,188.0,190.0,40500.0
2022-04-15,47770,189.0,191.0,189.0,189.0,0,0,24400.0,4635600.0,1.0,189.0,191.0,189.0,189.0,24400.0
2022-04-18,47770,188.0,191.0,187.0,190.0,0,0,22300.0,4224000.0,1.0,188.0,191.0,187.0,190.0,22300.0
2022-04-19,47770,189.0,197.0,189.0,194.0,0,0,18600.0,3548400.0,1.0,189.0,197.0,189.0,194.0,18600.0
2022-04-20,47770,195.0,195.0,191.0,192.0,0,0,44500.0,8560500.0,1.0,195.0,195.0,191.0,192.0,44500.0
2022-04-21,47770,190.0,193.0,190.0,192.0,0,0,19300.0,3707800.0,1.0,190.0,193.0,190.0,192.0,19300.0
2022-04-22,47770,190.0,193.0,189.0,191.0,0,0,23500.0,4484400.0,1.0,190.0,193.0,189.0,191.0,23500.0
2022-04-25,47770,186.0,190.0,186.0,189.0,0,0,19200.0,3612900.0,1.0,186.0,190.0,186.0,189.0,19200.0
2022-04-26,47770,190.0,191.0,187.0,191.0,0,0,51400.0,9688900.0,1.0,190.0,191.0,187.0,191.0,51400.0
2022-04-27,47770,189.0,193.0,188.0,192.0,0,0,41100.0,7844500.0,1.0,189.0,193.0,188.0,192.0,41100.0
2022-04-28,47770,189.0,195.0,188.0,195.0,0,0,36700.0,7023800.0,1.0,189.0,195.0,188.0,195.0,36700.0
2022-05-02,47770,195.0,196.0,191.0,192.0,0,0,38600.0,7466300.0,1.0,195.0,196.0,191.0,192.0,38600.0
2022-05-06,47770,192.0,193.0,185.0,191.0,0,0,43600.0,8272500.0,1.0,192.0,193.0,185.0,191.0,43600.0
2022-05-09,47770,193.0,194.0,188.0,194.0,0,0,29300.0,5572900.0,1.0,193.0,194.0,188.0,194.0,29300.0
2022-05-10,47770,189.0,191.0,187.0,187.0,0,0,42000.0,7925600.0,1.0,189.0,191.0,187.0,187.0,42000.0
2022-05-11,47770,191.0,192.0,186.0,189.0,0,0,28000.0,5307700.0,1.0,191.0,192.0,186.0,189.0,28000.0
2022-05-12,47770,190.0,190.0,184.0,184.0,0,0,37000.0,6893800.0,1.0,190.0,190.0,184.0,184.0,37000.0
2022-05-13,47770,185.0,193.0,184.0,189.0,0,0,52200.0,9853100.0,1.0,185.0,193.0,184.0,189.0,52200.0
2022-05-16,47770,199.0,215.0,192.0,200.0,0,0,1327800.0,269528700.0,1.0,199.0,215.0,192.0,200.0,1327800.0
2022-05-17,47770,194.0,198.0,187.0,194.0,0,0,330900.0,63630100.0,1.0,194.0,198.0,187.0,194.0,330900.0
2022-05-18,47770,194.0,205.0,194.0,201.0,0,0,279700.0,55953900.0,1.0,194.0,205.0,194.0,201.0,279700.0
2022-05-19,47770,198.0,277.0,195.0,243.0,0,0,4200700.0,1000112300.0,1.0,198.0,277.0,195.0,243.0,4200700.0
2022-05-20,47770,251.0,320.0,245.0,320.0,0,0,10598800.0,2897365700.0,1.0,251.0,320.0,245.0,320.0,10598800.0
2022-05-23,47770,328.0,334.0,287.0,322.0,0,0,7364700.0,2320847600.0,1.0,328.0,334.0,287.0,322.0,7364700.0
2022-05-24,47770,306.0,313.0,260.0,264.0,0,0,3049200.0,867835600.0,1.0,306.0,313.0,260.0,264.0,3049200.0
2022-05-25,47770,262.0,298.0,249.0,278.0,0,0,3677200.0,1023646200.0,1.0,262.0,298.0,249.0,278.0,3677200.0
2022-05-26,47770,314.0,339.0,302.0,306.0,0,0,8594000.0,2750353600.0,1.0,314.0,339.0,302.0,306.0,8594000.0
2022-05-27,47770,302.0,321.0,281.0,303.0,0,0,4153300.0,1254165100.0,1.0,302.0,321.0,281.0,303.0,4153300.0
2022-05-30,47770,295.0,377.0,293.0,364.0,0,0,9185600.0,3204978800.0,1.0,295.0,377.0,293.0,364.0,9185600.0
2022-05-31,47770,357.0,397.0,326.0,342.0,0,0,6434200.0,2353766200.0,1.0,357.0,397.0,326.0,342.0,6434200.0
2022-06-01,47770,422.0,422.0,422.0,422.0,1,0,197000.0,83134000.0,1.0,422.0,422.0,422.0,422.0,197000.0
2022-06-02,47770,430.0,502.0,422.0,482.0,1,0,17670800.0,8286591600.0,1.0,430.0,502.0,422.0,482.0,17670800.0
2022-06-03,47770,470.0,482.0,434.0,465.0,0,0,7783500.0,3575360100.0,1.0,470.0,482.0,434.0,465.0,7783500.0
2022-06-06,47770,525.0,545.0,506.0,545.0,1,0,5895000.0,3146697000.0,1.0,525.0,545.0,506.0,545.0,5895000.0
2022-06-07,47770,570.0,645.0,565.0,645.0,1,0,4247500.0,2591668100.0,1.0,570.0,645.0,565.0,645.0,4247500.0
2022-06-08,47770,745.0,745.0,745.0,745.0,1,0,74500.0,55502500.0,1.0,745.0,745.0,745.0,745.0,74500.0
2022-06-09,47770,805.0,894.0,700.0,840.0,0,0,18018200.0,14719956400.0,1.0,805.0,894.0,700.0,840.0,18018200.0
2022-06-10,47770,795.0,926.0,766.0,826.0,0,0,10866800.0,9158271600.0,1.0,795.0,926.0,766.0,826.0,10866800.0
2022-06-13,47770,791.0,885.0,701.0,856.0,0,0,8849500.0,7145802300.0,1.0,791.0,885.0,701.0,856.0,8849500.0
2022-06-14,47770,886.0,919.0,814.0,823.0,0,0,8137600.0,7017871100.0,1.0,886.0,919.0,814.0,823.0,8137600.0
2022-06-15,47770,722.0,758.0,673.0,673.0,0,1,1658800.0,1187425500.0,1.0,722.0,758.0,673.0,673.0,1658800.0
2022-06-16,47770,633.0,695.0,573.0,617.0,0,1,8180000.0,5028724400.0,1.0,633.0,695.0,573.0,617.0,8180000.0
2022-06-17,47770,603.0,717.0,579.0,717.0,1,0,8785600.0,5904727100.0,1.0,603.0,717.0,579.0,717.0,8785600.0
2022-06-20,47770,777.0,853.0,737.0,800.0,0,0,9060800.0,7199817500.0,1.0,777.0,853.0,737.0,800.0,9060800.0
2022-06-21,47770,815.0,860.0,731.0,758.0,0,0,10570600.0,8396648500.0,1.0,815.0,860.0,731.0,758.0,10570600.0
2022-06-22,47770,743.0,749.0,666.0,681.0,0,0,4938700.0,3492043100.0,1.0,743.0,749.0,666.0,681.0,4938700.0
2022-06-23,47770,671.0,720.0,626.0,665.0,0,0,4291000.0,2885260900.0,1.0,671.0,720.0,626.0,665.0,4291000.0
2022-06-24,47770,702.0,718.0,666.0,679.0,0,0,3172900.0,2194019600.0,1.0,702.0,718.0,666.0,679.0,3172900.0
2022-06-27,47770,649.0,672.0,597.0,608.0,0,0,3123800.0,1949810300.0,1.0,649.0,672.0,597.0,608.0,3123800.0
2022-06-28,47770,615.0,678.0,614.0,666.0,0,0,4649100.0,3025144000.0,1.0,615.0,678.0,614.0,666.0,4649100.0
2022-06-29,47770,650.0,707.0,626.0,653.0,0,0,3840200.0,2546173500.0,1.0,650.0,707.0,626.0,653.0,3840200.0
2022-06-30,47770,646.0,681.0,610.0,619.0,0,0,2629900.0,1708764900.0,1.0,646.0,681.0,610.0,619.0,2629900.0
2022-07-01,47770,628.0,630.0,560.0,569.0,0,0,2197600.0,1292525400.0,1.0,628.0,630.0,560.0,569.0,2197600.0
2022-07-04,47770,566.0,567.0,489.0,507.0,0,0,2635000.0,1378712400.0,1.0,566.0,567.0,489.0,507.0,2635000.0
2022-07-05,47770,527.0,540.0,483.0,485.0,0,0,2403700.0,1218963400.0,1.0,527.0,540.0,483.0,485.0,2403700.0
2022-07-06,47770,490.0,500.0,470.0,480.0,0,0,2210800.0,1066681700.0,1.0,490.0,500.0,470.0,480.0,2210800.0
2022-07-07,47770,471.0,500.0,470.0,479.0,0,0,1283200.0,618513700.0,1.0,471.0,500.0,470.0,479.0,1283200.0
2022-07-08,47770,485.0,559.0,478.0,559.0,1,0,4321900.0,2304293500.0,1.0,485.0,559.0,478.0,559.0,4321900.0
2022-07-11,47770,544.0,586.0,519.0,528.0,0,0,3442800.0,1881626200.0,1.0,544.0,586.0,519.0,528.0,3442800.0
2022-07-12,47770,519.0,524.0,496.0,510.0,0,0,1305400.0,665211100.0,1.0,519.0,524.0,496.0,510.0,1305400.0
2022-07-13,47770,510.0,610.0,503.0,610.0,1,0,3956000.0,2330198700.0,1.0,510.0,610.0,503.0,610.0,3956000.0
2022-07-14,47770,600.0,640.0,564.0,579.0,0,0,4996100.0,2991375600.0,1.0,600.0,640.0,564.0,579.0,4996100.0
2022-07-15,47770,619.0,676.0,601.0,654.0,0,0,6636100.0,4276706500.0,1.0,619.0,676.0,601.0,654.0,6636100.0
2022-07-19,47770,740.0,754.0,734.0,754.0,1,0,945900.0,706266900.0,1.0,740.0,754.0,734.0,754.0,945900.0
2022-07-20,47770,797.0,823.0,688.0,717.0,0,0,7093500.0,5353512900.0,1.0,797.0,823.0,688.0,717.0,7093500.0
2022-07-21,47770,716.0,759.0,697.0,724.0,0,0,2146000.0,1562384100.0,1.0,716.0,759.0,697.0,724.0,2146000.0
2022-07-22,47770,703.0,731.0,702.0,710.0,0,0,1309500.0,933773300.0,1.0,703.0,731.0,702.0,710.0,1309500.0
2022-07-25,47770,685.0,695.0,643.0,655.0,0,0,1774000.0,1173932900.0,1.0,685.0,695.0,643.0,655.0,1774000.0
2022-07-26,47770,646.0,699.0,631.0,684.0,0,0,2109900.0,1415389900.0,1.0,646.0,699.0,631.0,684.0,2109900.0
2022-07-27,47770,674.0,684.0,644.0,654.0,0,0,1275800.0,842465200.0,1.0,674.0,684.0,644.0,654.0,1275800.0
2022-07-28,47770,654.0,695.0,635.0,691.0,0,0,2527600.0,1693149700.0,1.0,654.0,695.0,635.0,691.0,2527600.0
2022-07-29,47770,683.0,710.0,668.0,675.0,0,0,1948700.0,1338967400.0,1.0,683.0,710.0,668.0,675.0,1948700.0
2022-08-01,47770,672.0,715.0,663.0,705.0,0,0,2747400.0,1905850300.0,1.0,672.0,715.0,663.0,705.0,2747400.0
2022-08-02,47770,698.0,705.0,675.0,692.0,0,0,1690400.0,1165788400.0,1.0,698.0,705.0,675.0,692.0,1690400.0
2022-08-03,47770,694.0,711.0,662.0,680.0,0,0,1869100.0,1296281800.0,1.0,694.0,711.0,662.0,680.0,1869100.0
2022-08-04,47770,670.0,689.0,655.0,661.0,0,0,1021600.0,683924400.0,1.0,670.0,689.0,655.0,661.0,1021600.0
2022-08-05,47770,701.0,729.0,680.0,684.0,0,0,3208000.0,2252773800.0,1.0,701.0,729.0,680.0,684.0,3208000.0
2022-08-08,47770,678.0,709.0,678.0,685.0,0,0,1450200.0,1006683400.0,1.0,678.0,709.0,678.0,685.0,1450200.0
2022-08-09,47770,682.0,688.0,668.0,680.0,0,0,948200.0,641760700.0,1.0,682.0,688.0,668.0,680.0,948200.0
2022-08-10,47770,672.0,688.0,665.0,684.0,0,0,613600.0,414241500.0,1.0,672.0,688.0,665.0,684.0,613600.0
2022-08-12,47770,693.0,707.0,680.0,696.0,0,0,1395400.0,969008200.0,1.0,693.0,707.0,680.0,696.0,1395400.0
2022-08-15,47770,750.0,796.0,750.0,796.0,1,0,2921700.0,2302149400.0,1.0,750.0,796.0,750.0,796.0,2921700.0
2022-08-16,47770,811.0,825.0,748.0,788.0,0,0,5232600.0,4113910400.0,1.0,811.0,825.0,748.0,788.0,5232600.0
2022-08-17,47770,802.0,883.0,711.0,729.0,0,0,6747600.0,5503349600.0,1.0,802.0,883.0,711.0,729.0,6747600.0
2022-08-18,47770,724.0,764.0,701.0,716.0,0,0,2826700.0,2049768600.0,1.0,724.0,764.0,701.0,716.0,2826700.0
2022-08-19,47770,777.0,784.0,727.0,734.0,0,0,2839700.0,2133953800.0,1.0,777.0,784.0,727.0,734.0,2839700.0
2022-08-22,47770,704.0,745.0,690.0,717.0,0,0,1201400.0,857635100.0,1.0,704.0,745.0,690.0,717.0,1201400.0
2022-08-23,47770,707.0,720.0,697.0,705.0,0,0,858300.0,606026500.0,1.0,707.0,720.0,697.0,705.0,858300.0
2022-08-24,47770,702.0,709.0,698.0,700.0,0,0,446000.0,312782400.0,1.0,702.0,709.0,698.0,700.0,446000.0
2022-08-25,47770,697.0,698.0,676.0,685.0,0,0,665900.0,456854000.0,1.0,697.0,698.0,676.0,685.0,665900.0
2022-08-26,47770,689.0,710.0,679.0,696.0,0,0,814000.0,566593900.0,1.0,689.0,710.0,679.0,696.0,814000.0
2022-08-29,47770,676.0,696.0,673.0,676.0,0,0,458500.0,313022500.0,1.0,676.0,696.0,673.0,676.0,458500.0
2022-08-30,47770,676.0,708.0,672.0,705.0,0,0,599500.0,416252000.0,1.0,676.0,708.0,672.0,705.0,599500.0
2022-08-31,47770,696.0,701.0,684.0,690.0,0,0,347600.0,240368200.0,1.0,696.0,701.0,684.0,690.0,347600.0
2022-09-01,47770,685.0,689.0,668.0,675.0,0,0,427400.0,288784500.0,1.0,685.0,689.0,668.0,675.0,427400.0
2022-09-02,47770,670.0,680.0,638.0,659.0,0,0,747100.0,488163800.0,1.0,670.0,680.0,638.0,659.0,747100.0
2022-09-05,47770,661.0,691.0,648.0,669.0,0,0,815900.0,550285600.0,1.0,661.0,691.0,648.0,669.0,815900.0
2022-09-06,47770,661.0,668.0,635.0,640.0,0,0,1358100.0,875369100.0,1.0,661.0,668.0,635.0,640.0,1358100.0
2022-09-07,47770,641.0,641.0,602.0,626.0,0,0,983100.0,606783400.0,1.0,641.0,641.0,602.0,626.0,983100.0
2022-09-08,47770,620.0,622.0,590.0,595.0,0,0,1045600.0,628809900.0,1.0,620.0,622.0,590.0,595.0,1045600.0
2022-09-09,47770,599.0,695.0,577.0,695.0,1,0,624700.0,383249900.0,1.0,599.0,695.0,577.0,695.0,624700.0
2022-09-12,47770,765.0,777.0,709.0,715.0,0,0,5412500.0,4045140800.0,1.0,765.0,777.0,709.0,715.0,5412500.0
2022-09-13,47770,701.0,718.0,674.0,674.0,0,0,2358100.0,1639095500.0,1.0,701.0,718.0,674.0,674.0,2358100.0
2022-09-14,47770,648.0,697.0,645.0,666.0,0,0,1110400.0,744441200.0,1.0,648.0,697.0,645.0,666.0,1110400.0
2022-09-15,47770,668.0,684.0,655.0,657.0,0,0,653800.0,436046300.0,1.0,668.0,684.0,655.0,657.0,653800.0
2022-09-16,47770,646.0,649.0,620.0,621.0,0,0,658300.0,415116200.0,1.0,646.0,649.0,620.0,621.0,658300.0
2022-09-20,47770,620.0,629.0,605.0,605.0,0,0,401800.0,246516200.0,1.0,620.0,629.0,605.0,605.0,401800.0
2022-09-21,47770,599.0,605.0,581.0,585.0,0,0,432400.0,255728700.0,1.0,599.0,605.0,581.0,585.0,432400.0
2022-09-22,47770,581.0,651.0,574.0,608.0,0,0,888200.0,548412100.0,1.0,581.0,651.0,574.0,608.0,888200.0
2022-09-26,47770,591.0,603.0,582.0,586.0,0,0,425300.0,251111000.0,1.0,591.0,603.0,582.0,586.0,425300.0
2022-09-27,47770,590.0,618.0,586.0,592.0,0,0,479800.0,288568300.0,1.0,590.0,618.0,586.0,592.0,479800.0
2022-09-28,47770,622.0,651.0,601.0,614.0,0,0,1308600.0,817408700.0,1.0,622.0,651.0,601.0,614.0,1308600.0
2022-09-29,47770,613.0,619.0,600.0,601.0,0,0,291700.0,177304100.0,1.0,613.0,619.0,600.0,601.0,291700.0
2022-09-30,47770,591.0,600.0,588.0,590.0,0,0,241100.0,142800000.0,1.0,591.0,600.0,588.0,590.0,241100.0
2022-10-03,47770,575.0,578.0,541.0,547.0,0,0,686300.0,380501700.0,1.0,575.0,578.0,541.0,547.0,686300.0
2022-10-04,47770,561.0,589.0,552.0,569.0,0,0,734800.0,420847600.0,1.0,561.0,589.0,552.0,569.0,734800.0
2022-10-05,47770,579.0,586.0,565.0,583.0,0,0,437000.0,251221000.0,1.0,579.0,586.0,565.0,583.0,437000.0
2022-10-06,47770,573.0,593.0,572.0,572.0,0,0,304400.0,176441200.0,1.0,573.0,593.0,572.0,572.0,304400.0
2022-10-07,47770,582.0,591.0,570.0,571.0,0,0,350000.0,202288700.0,1.0,582.0,591.0,570.0,571.0,350000.0
2022-10-11,47770,561.0,580.0,561.0,566.0,0,0,228800.0,129897900.0,1.0,561.0,580.0,561.0,566.0,228800.0
2022-10-12,47770,561.0,563.0,555.0,557.0,0,0,141900.0,79253700.0,1.0,561.0,563.0,555.0,557.0,141900.0
2022-10-13,47770,556.0,559.0,540.0,542.0,0,0,178800.0,97758400.0,1.0,556.0,559.0,540.0,542.0,178800.0
2022-10-14,47770,550.0,563.0,542.0,547.0,0,0,236200.0,130499700.0,1.0,550.0,563.0,542.0,547.0,236200.0
2022-10-17,47770,545.0,559.0,539.0,556.0,0,0,110000.0,60802700.0,1.0,545.0,559.0,539.0,556.0,110000.0
2022-10-18,47770,557.0,577.0,557.0,571.0,0,0,193600.0,110617900.0,1.0,557.0,577.0,557.0,571.0,193600.0
2022-10-19,47770,575.0,575.0,555.0,555.0,0,0,153400.0,86346700.0,1.0,575.0,575.0,555.0,555.0,153400.0
2022-10-20,47770,560.0,564.0,552.0,554.0,0,0,132700.0,73776200.0,1.0,560.0,564.0,552.0,554.0,132700.0
2022-10-21,47770,580.0,653.0,579.0,595.0,0,0,3093200.0,1923435200.0,1.0,580.0,653.0,579.0,595.0,3093200.0
2022-10-24,47770,585.0,605.0,576.0,581.0,0,0,598600.0,351242800.0,1.0,585.0,605.0,576.0,581.0,598600.0
2022-10-25,47770,626.0,643.0,611.0,612.0,0,0,1680500.0,1050687100.0,1.0,626.0,643.0,611.0,612.0,1680500.0
2022-10-26,47770,605.0,622.0,592.0,606.0,0,0,560600.0,341179000.0,1.0,605.0,622.0,592.0,606.0,560600.0
2022-10-27,47770,606.0,629.0,600.0,611.0,0,0,414700.0,255205700.0,1.0,606.0,629.0,600.0,611.0,414700.0
2022-10-28,47770,605.0,642.0,603.0,631.0,0,0,607900.0,379340200.0,1.0,605.0,642.0,603.0,631.0,607900.0
2022-10-31,47770,634.0,687.0,627.0,680.0,0,0,1009500.0,671682100.0,1.0,634.0,687.0,627.0,680.0,1009500.0
2022-11-01,47770,670.0,695.0,650.0,660.0,0,0,1040300.0,695601200.0,1.0,670.0,695.0,650.0,660.0,1040300.0
2022-11-02,47770,650.0,670.0,631.0,651.0,0,0,635500.0,411975700.0,1.0,650.0,670.0,631.0,651.0,635500.0
2022-11-04,47770,636.0,678.0,636.0,667.0,0,0,550600.0,366088700.0,1.0,636.0,678.0,636.0,667.0,550600.0
2022-11-07,47770,671.0,684.0,655.0,662.0,0,0,519000.0,345786400.0,1.0,671.0,684.0,655.0,662.0,519000.0
2022-11-08,47770,656.0,670.0,653.0,664.0,0,0,342200.0,226850700.0,1.0,656.0,670.0,653.0,664.0,342200.0
2022-11-09,47770,662.0,669.0,657.0,666.0,0,0,196400.0,130100200.0,1.0,662.0,669.0,657.0,666.0,196400.0
2022-11-10,47770,663.0,678.0,656.0,675.0,0,0,292600.0,194404500.0,1.0,663.0,678.0,656.0,675.0,292600.0
2022-11-11,47770,685.0,696.0,667.0,692.0,0,0,758800.0,519038200.0,1.0,685.0,696.0,667.0,692.0,758800.0
2022-11-14,47770,726.0,737.0,660.0,665.0,0,0,2179300.0,1530623500.0,1.0,726.0,737.0,660.0,665.0,2179300.0
2022-11-15,47770,660.0,675.0,624.0,637.0,0,0,1003100.0,651659800.0,1.0,660.0,675.0,624.0,637.0,1003100.0
2022-11-16,47770,628.0,648.0,614.0,627.0,0,0,523000.0,328738200.0,1.0,628.0,648.0,614.0,627.0,523000.0
2022-11-17,47770,623.0,644.0,623.0,637.0,0,0,382100.0,242495500.0,1.0,623.0,644.0,623.0,637.0,382100.0
2022-11-18,47770,635.0,639.0,607.0,611.0,0,0,556500.0,345704300.0,1.0,635.0,639.0,607.0,611.0,556500.0
2022-11-21,47770,599.0,602.0,585.0,589.0,0,0,578900.0,342571800.0,1.0,599.0,602.0,585.0,589.0,578900.0
2022-11-22,47770,587.0,594.0,576.0,592.0,0,0,441400.0,257922900.0,1.0,587.0,594.0,576.0,592.0,441400.0
2022-11-24,47770,591.0,604.0,588.0,603.0,0,0,352300.0,209654200.0,1.0,591.0,604.0,588.0,603.0,352300.0
2022-11-25,47770,606.0,607.0,594.0,599.0,0,0,247500.0,148325000.0,1.0,606.0,607.0,594.0,599.0,247500.0
2022-11-28,47770,594.0,594.0,573.0,581.0,0,0,388000.0,225318600.0,1.0,594.0,594.0,573.0,581.0,388000.0
2022-11-29,47770,583.0,583.0,561.0,574.0,0,0,467400.0,266544300.0,1.0,583.0,583.0,561.0,574.0,467400.0
2022-11-30,47770,572.0,583.0,563.0,576.0,0,0,280200.0,160370600.0,1.0,572.0,583.0,563.0,576.0,280200.0
2022-12-01,47770,587.0,587.0,566.0,568.0,0,0,345300.0,198786400.0,1.0,587.0,587.0,566.0,568.0,345300.0
2022-12-02,47770,566.0,571.0,559.0,570.0,0,0,180700.0,101809900.0,1.0,566.0,571.0,559.0,570.0,180700.0
2022-12-05,47770,561.0,568.0,559.0,565.0,0,0,146700.0,82573700.0,1.0,561.0,568.0,559.0,565.0,146700.0
2022-12-06,47770,566.0,590.0,560.0,590.0,0,0,371500.0,215365800.0,1.0,566.0,590.0,560.0,590.0,371500.0
2022-12-07,47770,597.0,598.0,580.0,598.0,0,0,229300.0,135326700.0,1.0,597.0,598.0,580.0,598.0,229300.0
2022-12-08,47770,592.0,603.0,580.0,594.0,0,0,317800.0,188195800.0,1.0,592.0,603.0,580.0,594.0,317800.0
2022-12-09,47770,587.0,599.0,586.0,590.0,0,0,195100.0,115485900.0,1.0,587.0,599.0,586.0,590.0,195100.0
2022-12-12,47770,585.0,586.0,569.0,572.0,0,0,213300.0,122569000.0,1.0,585.0,586.0,569.0,572.0,213300.0
2022-12-13,47770,573.0,580.0,551.0,551.0,0,0,409000.0,229432900.0,1.0,573.0,580.0,551.0,551.0,409000.0
2022-12-14,47770,551.0,557.0,531.0,531.0,0,0,395300.0,214307800.0,1.0,551.0,557.0,531.0,531.0,395300.0
2022-12-15,47770,526.0,537.0,521.0,530.0,0,0,293100.0,155655300.0,1.0,526.0,537.0,521.0,530.0,293100.0
2022-12-16,47770,521.0,529.0,514.0,518.0,0,0,234200.0,121563600.0,1.0,521.0,529.0,514.0,518.0,234200.0
2022-12-19,47770,503.0,511.0,496.0,500.0,0,0,363000.0,182560500.0,1.0,503.0,511.0,496.0,500.0,363000.0
2022-12-20,47770,493.0,496.0,466.0,475.0,0,0,505700.0,243538700.0,1.0,493.0,496.0,466.0,475.0,505700.0
2022-12-21,47770,475.0,509.0,473.0,488.0,0,0,484500.0,238003600.0,1.0,475.0,509.0,473.0,488.0,484500.0
2022-12-22,47770,488.0,498.0,485.0,493.0,0,0,212600.0,104604700.0,1.0,488.0,498.0,485.0,493.0,212600.0
2022-12-23,47770,485.0,500.0,476.0,490.0,0,0,314700.0,154043700.0,1.0,485.0,500.0,476.0,490.0,314700.0
2022-12-26,47770,480.0,483.0,467.0,471.0,0,0,245700.0,116524700.0,1.0,480.0,483.0,467.0,471.0,245700.0
2022-12-27,47770,474.0,493.0,473.0,481.0,0,0,295300.0,143104600.0,1.0,474.0,493.0,473.0,481.0,295300.0
2022-12-28,47770,475.0,482.0,460.0,475.0,0,0,422300.0,198712100.0,1.0,475.0,482.0,460.0,475.0,422300.0
2022-12-29,47770,472.0,517.0,462.0,511.0,0,0,645000.0,322990400.0,1.0,472.0,517.0,462.0,511.0,645000.0
2022-12-30,47770,520.0,530.0,506.0,515.0,0,0,393000.0,203490000.0,1.0,520.0,530.0,506.0,515.0,393000.0
2023-01-04,47770,500.0,528.0,498.0,504.0,0,0,183100.0,93691700.0,1.0,500.0,528.0,498.0,504.0,183100.0
2023-01-05,47770,514.0,521.0,498.0,500.0,0,0,170800.0,86660300.0,1.0,514.0,521.0,498.0,500.0,170800.0
2023-01-06,47770,498.0,505.0,490.0,500.0,0,0,129100.0,64463500.0,1.0,498.0,505.0,490.0,500.0,129100.0
2023-01-10,47770,508.0,512.0,501.0,508.0,0,0,155500.0,78735800.0,1.0,508.0,512.0,501.0,508.0,155500.0
2023-01-11,47770,500.0,517.0,496.0,516.0,0,0,224400.0,113808300.0,1.0,500.0,517.0,496.0,516.0,224400.0
2023-01-12,47770,516.0,520.0,502.0,505.0,0,0,157700.0,80126300.0,1.0,516.0,520.0,502.0,505.0,157700.0
2023-01-13,47770,504.0,508.0,495.0,503.0,0,0,124800.0,62581900.0,1.0,504.0,508.0,495.0,503.0,124800.0
2023-01-16,47770,495.0,502.0,486.0,486.0,0,0,166900.0,82245100.0,1.0,495.0,502.0,486.0,486.0,166900.0
2023-01-17,47770,484.0,504.0,484.0,498.0,0,0,198300.0,98719100.0,1.0,484.0,504.0,484.0,498.0,198300.0
2023-01-18,47770,499.0,512.0,497.0,505.0,0,0,150800.0,76092100.0,1.0,499.0,512.0,497.0,505.0,150800.0
2023-01-19,47770,501.0,507.0,497.0,505.0,0,0,96600.0,48619400.0,1.0,501.0,507.0,497.0,505.0,96600.0
2023-01-20,47770,500.0,505.0,496.0,498.0,0,0,118100.0,59011500.0,1.0,500.0,505.0,496.0,498.0,118100.0
2023-01-23,47770,500.0,507.0,495.0,507.0,0,0,134600.0,67604000.0,1.0,500.0,507.0,495.0,507.0,134600.0
2023-01-24,47770,506.0,521.0,506.0,512.0,0,0,195200.0,100563100.0,1.0,506.0,521.0,506.0,512.0,195200.0
2023-01-25,47770,512.0,520.0,505.0,505.0,0,0,113800.0,58071900.0,1.0,512.0,520.0,505.0,505.0,113800.0
2023-01-26,47770,505.0,511.0,495.0,501.0,0,0,89800.0,44918600.0,1.0,505.0,511.0,495.0,501.0,89800.0
2023-01-27,47770,498.0,506.0,495.0,496.0,0,0,111400.0,55558300.0,1.0,498.0,506.0,495.0,496.0,111400.0
2023-01-30,47770,497.0,501.0,488.0,488.0,0,0,88800.0,43909700.0,1.0,497.0,501.0,488.0,488.0,88800.0
2023-01-31,47770,486.0,493.0,480.0,489.0,0,0,121400.0,59003500.0,1.0,486.0,493.0,480.0,489.0,121400.0
2023-02-01,47770,489.0,499.0,489.0,495.0,0,0,110400.0,54673800.0,1.0,489.0,499.0,489.0,495.0,110400.0
2023-02-02,47770,500.0,502.0,491.0,494.0,0,0,111000.0,55136500.0,1.0,500.0,502.0,491.0,494.0,111000.0
2023-02-03,47770,493.0,495.0,481.0,487.0,0,0,123000.0,59799900.0,1.0,493.0,495.0,481.0,487.0,123000.0
2023-02-06,47770,490.0,497.0,489.0,490.0,0,0,91600.0,45153600.0,1.0,490.0,497.0,489.0,490.0,91600.0
2023-02-07,47770,490.0,500.0,489.0,493.0,0,0,85400.0,42357400.0,1.0,490.0,500.0,489.0,493.0,85400.0
2023-02-08,47770,497.0,497.0,475.0,481.0,0,0,232000.0,112104600.0,1.0,497.0,497.0,475.0,481.0,232000.0
2023-02-09,47770,488.0,488.0,473.0,477.0,0,0,98300.0,46892400.0,1.0,488.0,488.0,473.0,477.0,98300.0
2023-02-10,47770,475.0,483.0,469.0,469.0,0,0,171000.0,80745700.0,1.0,475.0,483.0,469.0,469.0,171000.0
2023-02-13,47770,461.0,461.0,444.0,450.0,0,0,306400.0,138758100.0,1.0,461.0,461.0,444.0,450.0,306400.0
2023-02-14,47770,449.0,468.0,449.0,461.0,0,0,179100.0,82188900.0,1.0,449.0,468.0,449.0,461.0,179100.0
2023-02-15,47770,456.0,460.0,435.0,435.0,0,0,292800.0,129544100.0,1.0,456.0,460.0,435.0,435.0,292800.0
2023-02-16,47770,433.0,447.0,433.0,441.0,0,0,273600.0,120724200.0,1.0,433.0,447.0,433.0,441.0,273600.0
2023-02-17,47770,435.0,443.0,434.0,438.0,0,0,207300.0,90592300.0,1.0,435.0,443.0,434.0,438.0,207300.0
2023-02-20,47770,439.0,452.0,438.0,448.0,0,0,202800.0,90487100.0,1.0,439.0,452.0,438.0,448.0,202800.0
2023-02-21,47770,449.0,450.0,437.0,437.0,0,0,143100.0,63315600.0,1.0,449.0,450.0,437.0,437.0,143100.0
2023-02-22,47770,517.0,517.0,514.0,517.0,1,0,435400.0,225099200.0,1.0,517.0,517.0,514.0,517.0,435400.0
2023-02-24,47770,561.0,569.0,490.0,494.0,0,0,3219700.0,1703403600.0,1.0,561.0,569.0,490.0,494.0,3219700.0
2023-02-27,47770,478.0,489.0,458.0,460.0,0,0,606900.0,284832500.0,1.0,478.0,489.0,458.0,460.0,606900.0
2023-02-28,47770,467.0,481.0,459.0,478.0,0,0,452300.0,212856000.0,1.0,467.0,481.0,459.0,478.0,452300.0
2023-03-01,47770,478.0,499.0,476.0,496.0,0,0,381100.0,186695800.0,1.0,478.0,499.0,476.0,496.0,381100.0
2023-03-02,47770,497.0,514.0,482.0,505.0,0,0,445300.0,222483700.0,1.0,497.0,514.0,482.0,505.0,445300.0
2023-03-03,47770,511.0,511.0,488.0,499.0,0,0,335400.0,166927800.0,1.0,511.0,511.0,488.0,499.0,335400.0
2023-03-06,47770,494.0,515.0,492.0,494.0,0,0,372800.0,188068900.0,1.0,494.0,515.0,492.0,494.0,372800.0
2023-03-07,47770,492.0,503.0,490.0,502.0,0,0,162400.0,80446200.0,1.0,492.0,503.0,490.0,502.0,162400.0
2023-03-08,47770,505.0,515.0,502.0,506.0,0,0,325700.0,165997700.0,1.0,505.0,515.0,502.0,506.0,325700.0
2023-03-09,47770,505.0,505.0,494.0,497.0,0,0,201900.0,100543300.0,1.0,505.0,505.0,494.0,497.0,201900.0
2023-03-10,47770,491.0,494.0,482.0,483.0,0,0,292800.0,142519800.0,1.0,491.0,494.0,482.0,483.0,292800.0
2023-03-13,47770,471.0,480.0,469.0,476.0,0,0,174800.0,83011000.0,1.0,471.0,480.0,469.0,476.0,174800.0
2023-03-14,47770,470.0,483.0,461.0,462.0,0,0,235800.0,110610000.0,1.0,470.0,483.0,461.0,462.0,235800.0
2023-03-15,47770,465.0,476.0,463.0,468.0,0,0,157300.0,73668100.0,1.0,465.0,476.0,463.0,468.0,157300.0
2023-03-16,47770,455.0,464.0,450.0,460.0,0,0,184100.0,83867200.0,1.0,455.0,464.0,450.0,460.0,184100.0
2023-03-17,47770,462.0,482.0,462.0,477.0,0,0,157800.0,75057100.0,1.0,462.0,482.0,462.0,477.0,157800.0
2023-03-20,47770,477.0,481.0,457.0,457.0,0,0,178500.0,83118500.0,1.0,477.0,481.0,457.0,457.0,178500.0
2023-03-22,47770,463.0,471.0,460.0,464.0,0,0,147800.0,68653100.0,1.0,463.0,471.0,460.0,464.0,147800.0
2023-03-23,47770,459.0,461.0,443.0,446.0,0,0,355000.0,159114400.0,1.0,459.0,461.0,443.0,446.0,355000.0
2023-03-24,47770,445.0,449.0,434.0,447.0,0,0,215500.0,94911900.0,1.0,445.0,449.0,434.0,447.0,215500.0
2023-03-27,47770,439.0,442.0,419.0,419.0,0,0,443400.0,188952800.0,1.0,439.0,442.0,419.0,419.0,443400.0
2023-03-28,47770,421.0,425.0,404.0,405.0,0,0,297000.0,121931400.0,1.0,421.0,425.0,404.0,405.0,297000.0
2023-03-29,47770,405.0,411.0,402.0,410.0,0,0,119600.0,48677300.0,1.0,405.0,411.0,402.0,410.0,119600.0
2023-03-30,47770,410.0,417.0,404.0,408.0,0,0,130300.0,53361000.0,1.0,410.0,417.0,404.0,408.0,130300.0
2023-03-31,47770,410.0,415.0,405.0,410.0,0,0,142700.0,58433000.0,1.0,410.0,415.0,405.0,410.0,142700.0
2023-04-03,47770,415.0,427.0,413.0,423.0,0,0,165500.0,69609100.0,1.0,415.0,427.0,413.0,423.0,165500.0
2023-04-04,47770,429.0,490.0,427.0,436.0,0,0,1852100.0,836118000.0,1.0,429.0,490.0,427.0,436.0,1852100.0
2023-04-05,47770,444.0,473.0,434.0,436.0,0,0,855000.0,384276800.0,1.0,444.0,473.0,434.0,436.0,855000.0
2023-04-06,47770,444.0,473.0,436.0,439.0,0,0,1232700.0,554574000.0,1.0,444.0,473.0,436.0,439.0,1232700.0
2023-04-07,47770,447.0,447.0,419.0,423.0,0,0,512800.0,219233700.0,1.0,447.0,447.0,419.0,423.0,512800.0
2023-04-10,47770,418.0,432.0,416.0,420.0,0,0,238000.0,101284500.0,1.0,418.0,432.0,416.0,420.0,238000.0
2023-04-11,47770,421.0,432.0,421.0,424.0,0,0,206100.0,87845300.0,1.0,421.0,432.0,421.0,424.0,206100.0
2023-04-12,47770,424.0,425.0,415.0,416.0,0,0,150800.0,63139700.0,1.0,424.0,425.0,415.0,416.0,150800.0
2023-04-13,47770,415.0,416.0,407.0,411.0,0,0,118800.0,48746000.0,1.0,415.0,416.0,407.0,411.0,118800.0
2023-04-14,47770,415.0,420.0,410.0,416.0,0,0,100700.0,41745800.0,1.0,415.0,420.0,410.0,416.0,100700.0
2023-04-17,47770,414.0,418.0,407.0,418.0,0,0,162100.0,66814000.0,1.0,414.0,418.0,407.0,418.0,162100.0
2023-04-18,47770,414.0,424.0,413.0,417.0,0,0,186900.0,78176400.0,1.0,414.0,424.0,413.0,417.0,186900.0
2023-04-19,47770,415.0,415.0,407.0,410.0,0,0,184200.0,75415300.0,1.0,415.0,415.0,407.0,410.0,184200.0
2023-04-20,47770,410.0,410.0,399.0,402.0,0,0,245400.0,98902800.0,1.0,410.0,410.0,399.0,402.0,245400.0
2023-04-21,47770,402.0,402.0,392.0,392.0,0,0,285900.0,113140000.0,1.0,402.0,402.0,392.0,392.0,285900.0
2023-04-24,47770,390.0,400.0,384.0,389.0,0,0,204200.0,79753400.0,1.0,390.0,400.0,384.0,389.0,204200.0
2023-04-25,47770,388.0,398.0,382.0,382.0,0,0,204700.0,79504300.0,1.0,388.0,398.0,382.0,382.0,204700.0
2023-04-26,47770,378.0,387.0,376.0,384.0,0,0,153200.0,58567200.0,1.0,378.0,387.0,376.0,384.0,153200.0
2023-04-27,47770,388.0,393.0,384.0,389.0,0,0,130800.0,50817400.0,1.0,388.0,393.0,384.0,389.0,130800.0
2023-04-28,47770,394.0,394.0,385.0,386.0,0,0,136900.0,53080700.0,1.0,394.0,394.0,385.0,386.0,136900.0
2023-05-01,47770,386.0,393.0,385.0,386.0,0,0,75000.0,29075000.0,1.0,386.0,393.0,385.0,386.0,75000.0
2023-05-02,47770,385.0,395.0,378.0,391.0,0,0,245300.0,95207000.0,1.0,385.0,395.0,378.0,391.0,245300.0
2023-05-08,47770,391.0,395.0,388.0,391.0,0,0,82000.0,32130800.0,1.0,391.0,395.0,388.0,391.0,82000.0
2023-05-09,47770,396.0,402.0,394.0,398.0,0,0,160500.0,63749100.0,1.0,396.0,402.0,394.0,398.0,160500.0
2023-05-10,47770,399.0,399.0,391.0,392.0,0,0,125900.0,49606900.0,1.0,399.0,399.0,391.0,392.0,125900.0
2023-05-11,47770,388.0,398.0,386.0,394.0,0,0,131100.0,51425000.0,1.0,388.0,398.0,386.0,394.0,131100.0
2023-05-12,47770,389.0,395.0,383.0,395.0,0,0,236400.0,92087500.0,1.0,389.0,395.0,383.0,395.0,236400.0
2023-05-15,47770,390.0,414.0,384.0,410.0,0,0,570600.0,229976700.0,1.0,390.0,414.0,384.0,410.0,570600.0
2023-05-16,47770,410.0,416.0,397.0,398.0,0,0,264400.0,107320400.0,1.0,410.0,416.0,397.0,398.0,264400.0
2023-05-17,47770,397.0,405.0,395.0,398.0,0,0,122600.0,49145300.0,1.0,397.0,405.0,395.0,398.0,122600.0
2023-05-18,47770,398.0,398.0,386.0,388.0,0,0,227500.0,88786700.0,1.0,398.0,398.0,386.0,388.0,227500.0
2023-05-19,47770,391.0,397.0,386.0,393.0,0,0,124200.0,48829900.0,1.0,391.0,397.0,386.0,393.0,124200.0
2023-05-22,47770,395.0,399.0,390.0,390.0,0,0,121900.0,47968300.0,1.0,395.0,399.0,390.0,390.0,121900.0
2023-05-23,47770,393.0,397.0,382.0,384.0,0,0,128400.0,49767800.0,1.0,393.0,397.0,382.0,384.0,128400.0
2023-05-24,47770,386.0,390.0,382.0,388.0,0,0,93400.0,36091700.0,1.0,386.0,390.0,382.0,388.0,93400.0
2023-05-25,47770,385.0,386.0,378.0,382.0,0,0,122200.0,46644000.0,1.0,385.0,386.0,378.0,382.0,122200.0
2023-05-26,47770,380.0,385.0,367.0,367.0,0,0,172700.0,64573800.0,1.0,380.0,385.0,367.0,367.0,172700.0
2023-05-29,47770,369.0,375.0,367.0,375.0,0,0,130100.0,48398500.0,1.0,369.0,375.0,367.0,375.0,130100.0
2023-05-30,47770,372.0,381.0,367.0,378.0,0,0,127700.0,47685200.0,1.0,372.0,381.0,367.0,378.0,127700.0
2023-05-31,47770,375.0,390.0,375.0,386.0,0,0,201800.0,77532600.0,1.0,375.0,390.0,375.0,386.0,201800.0
2023-06-01,47770,388.0,393.0,384.0,385.0,0,0,123000.0,47839200.0,1.0,388.0,393.0,384.0,385.0,123000.0
2023-06-02,47770,385.0,388.0,379.0,388.0,0,0,129300.0,49676100.0,1.0,385.0,388.0,379.0,388.0,129300.0
2023-06-05,47770,389.0,396.0,385.0,394.0,0,0,175900.0,68676900.0,1.0,389.0,396.0,385.0,394.0,175900.0
2023-06-06,47770,395.0,403.0,392.0,397.0,0,0,180700.0,71914000.0,1.0,395.0,403.0,392.0,397.0,180700.0
2023-06-07,47770,400.0,414.0,399.0,410.0,0,0,303700.0,123694700.0,1.0,400.0,414.0,399.0,410.0,303700.0
2023-06-08,47770,413.0,413.0,391.0,396.0,0,0,207800.0,83329300.0,1.0,413.0,413.0,391.0,396.0,207800.0
2023-06-09,47770,396.0,406.0,396.0,398.0,0,0,110600.0,44211900.0,1.0,396.0,406.0,396.0,398.0,110600.0
2023-06-12,47770,402.0,416.0,398.0,411.0,0,0,269500.0,110521400.0,1.0,402.0,416.0,398.0,411.0,269500.0
2023-06-13,47770,414.0,414.0,402.0,404.0,0,0,119300.0,48356400.0,1.0,414.0,414.0,402.0,404.0,119300.0
2023-06-14,47770,401.0,404.0,395.0,401.0,0,0,125200.0,50034900.0,1.0,401.0,404.0,395.0,401.0,125200.0
2023-06-15,47770,400.0,404.0,394.0,398.0,0,0,126500.0,50407600.0,1.0,400.0,404.0,394.0,398.0,126500.0
2023-06-16,47770,396.0,408.0,396.0,401.0,0,0,159900.0,64499100.0,1.0,396.0,408.0,396.0,401.0,159900.0
2023-06-19,47770,403.0,412.0,403.0,405.0,0,0,135600.0,55280000.0,1.0,403.0,412.0,403.0,405.0,135600.0
2023-06-20,47770,406.0,407.0,399.0,407.0,0,0,79500.0,31982200.0,1.0,406.0,407.0,399.0,407.0,79500.0
2023-06-21,47770,406.0,406.0,399.0,401.0,0,0,84300.0,33901600.0,1.0,406.0,406.0,399.0,401.0,84300.0
2023-06-22,47770,401.0,401.0,391.0,392.0,0,0,184400.0,72949200.0,1.0,401.0,401.0,391.0,392.0,184400.0
2023-06-23,47770,396.0,396.0,382.0,390.0,0,0,138600.0,53653000.0,1.0,396.0,396.0,382.0,390.0,138600.0
2023-06-26,47770,388.0,388.0,376.0,377.0,0,0,176500.0,67039400.0,1.0,388.0,388.0,376.0,377.0,176500.0
2023-06-27,47770,377.0,382.0,374.0,376.0,0,0,116000.0,43702300.0,1.0,377.0,382.0,374.0,376.0,116000.0
2023-06-28,47770,377.0,387.0,377.0,386.0,0,0,73400.0,28126900.0,1.0,377.0,387.0,377.0,386.0,73400.0
2023-06-29,47770,387.0,391.0,383.0,386.0,0,0,74000.0,28584500.0,1.0,387.0,391.0,383.0,386.0,74000.0
2023-06-30,47770,387.0,393.0,382.0,393.0,0,0,86800.0,33703200.0,1.0,387.0,393.0,382.0,393.0,86800.0
2023-07-03,47770,393.0,396.0,386.0,388.0,0,0,128500.0,50083700.0,1.0,393.0,396.0,386.0,388.0,128500.0
2023-07-04,47770,389.0,468.0,388.0,441.0,1,0,4880900.0,2182505800.0,1.0,389.0,468.0,388.0,441.0,4880900.0
2023-07-05,47770,437.0,451.0,420.0,425.0,0,0,1495700.0,645131300.0,1.0,437.0,451.0,420.0,425.0,1495700.0
2023-07-06,47770,420.0,423.0,406.0,413.0,0,0,463300.0,192142600.0,1.0,420.0,423.0,406.0,413.0,463300.0
2023-07-07,47770,405.0,420.0,404.0,419.0,0,0,220500.0,91177600.0,1.0,405.0,420.0,404.0,419.0,220500.0
2023-07-10,47770,433.0,433.0,411.0,412.0,0,0,415900.0,175259300.0,1.0,433.0,433.0,411.0,412.0,415900.0
2023-07-11,47770,412.0,426.0,412.0,421.0,0,0,200400.0,84167500.0,1.0,412.0,426.0,412.0,421.0,200400.0
2023-07-12,47770,421.0,426.0,418.0,418.0,0,0,140600.0,59230900.0,1.0,421.0,426.0,418.0,418.0,140600.0
2023-07-13,47770,422.0,424.0,410.0,421.0,0,0,162900.0,68101000.0,1.0,422.0,424.0,410.0,421.0,162900.0
2023-07-14,47770,420.0,428.0,416.0,418.0,0,0,130600.0,55076100.0,1.0,420.0,428.0,416.0,418.0,130600.0
2023-07-18,47770,421.0,430.0,419.0,424.0,0,0,171300.0,72694000.0,1.0,421.0,430.0,419.0,424.0,171300.0
2023-07-19,47770,424.0,427.0,419.0,425.0,0,0,110600.0,46818000.0,1.0,424.0,427.0,419.0,425.0,110600.0
2023-07-20,47770,427.0,428.0,420.0,422.0,0,0,114500.0,48410100.0,1.0,427.0,428.0,420.0,422.0,114500.0
2023-07-21,47770,424.0,424.0,414.0,414.0,0,0,162600.0,67871300.0,1.0,424.0,424.0,414.0,414.0,162600.0
2023-07-24,47770,414.0,418.0,413.0,416.0,0,0,61800.0,25685700.0,1.0,414.0,418.0,413.0,416.0,61800.0
2023-07-25,47770,416.0,416.0,407.0,407.0,0,0,95800.0,39318000.0,1.0,416.0,416.0,407.0,407.0,95800.0
2023-07-26,47770,403.0,404.0,396.0,402.0,0,0,131500.0,52698400.0,1.0,403.0,404.0,396.0,402.0,131500.0
2023-07-27,47770,399.0,405.0,399.0,401.0,0,0,69200.0,27802100.0,1.0,399.0,405.0,399.0,401.0,69200.0
2023-07-28,47770,402.0,405.0,392.0,396.0,0,0,123000.0,48854900.0,1.0,402.0,405.0,392.0,396.0,123000.0
2023-07-31,47770,398.0,403.0,396.0,399.0,0,0,115400.0,46088800.0,1.0,398.0,403.0,396.0,399.0,115400.0
2023-08-01,47770,400.0,405.0,397.0,398.0,0,0,91400.0,36586300.0,1.0,400.0,405.0,397.0,398.0,91400.0
2023-08-02,47770,398.0,404.0,394.0,396.0,0,0,85000.0,33837300.0,1.0,398.0,404.0,394.0,396.0,85000.0
2023-08-03,47770,395.0,395.0,387.0,387.0,0,0,101000.0,39366200.0,1.0,395.0,395.0,387.0,387.0,101000.0
2023-08-04,47770,385.0,390.0,382.0,385.0,0,0,62100.0,23944300.0,1.0,385.0,390.0,382.0,385.0,62100.0
2023-08-07,47770,384.0,394.0,381.0,390.0,0,0,82700.0,32018000.0,1.0,384.0,394.0,381.0,390.0,82700.0
2023-08-08,47770,390.0,393.0,385.0,385.0,0,0,47700.0,18491600.0,1.0,390.0,393.0,385.0,385.0,47700.0
2023-08-09,47770,390.0,390.0,380.0,383.0,0,0,107400.0,41124200.0,1.0,390.0,390.0,380.0,383.0,107400.0
2023-08-10,47770,386.0,389.0,379.0,387.0,0,0,115700.0,44301500.0,1.0,386.0,389.0,379.0,387.0,115700.0
2023-08-14,47770,339.0,357.0,335.0,343.0,0,0,483300.0,166729500.0,1.0,339.0,357.0,335.0,343.0,483300.0
2023-08-15,47770,344.0,346.0,338.0,338.0,0,0,157300.0,53669500.0,1.0,344.0,346.0,338.0,338.0,157300.0
2023-08-16,47770,333.0,336.0,326.0,328.0,0,0,219100.0,72390900.0,1.0,333.0,336.0,326.0,328.0,219100.0
2023-08-17,47770,328.0,352.0,326.0,348.0,0,0,303100.0,103391700.0,1.0,328.0,352.0,326.0,348.0,303100.0
2023-08-18,47770,348.0,360.0,343.0,350.0,0,0,204300.0,71861400.0,1.0,348.0,360.0,343.0,350.0,204300.0
2023-08-21,47770,358.0,363.0,355.0,363.0,0,0,151500.0,54419600.0,1.0,358.0,363.0,355.0,363.0,151500.0
2023-08-22,47770,347.0,358.0,335.0,335.0,0,0,477100.0,164764900.0,1.0,347.0,358.0,335.0,335.0,477100.0
2023-08-23,47770,331.0,342.0,325.0,339.0,0,0,164100.0,55000700.0,1.0,331.0,342.0,325.0,339.0,164100.0
2023-08-24,47770,341.0,348.0,340.0,346.0,0,0,90700.0,31223500.0,1.0,341.0,348.0,340.0,346.0,90700.0
2023-08-25,47770,341.0,349.0,341.0,344.0,0,0,75100.0,25969000.0,1.0,341.0,349.0,341.0,344.0,75100.0
2023-08-28,47770,344.0,351.0,344.0,346.0,0,0,72700.0,25322400.0,1.0,344.0,351.0,344.0,346.0,72700.0
2023-08-29,47770,346.0,356.0,346.0,351.0,0,0,96700.0,34056300.0,1.0,346.0,356.0,346.0,351.0,96700.0
2023-08-30,47770,355.0,355.0,347.0,348.0,0,0,56000.0,19573900.0,1.0,355.0,355.0,347.0,348.0,56000.0
2023-08-31,47770,349.0,353.0,346.0,346.0,0,0,70100.0,24473200.0,1.0,349.0,353.0,346.0,346.0,70100.0
2023-09-01,47770,344.0,347.0,342.0,343.0,0,0,62800.0,21650300.0,1.0,344.0,347.0,342.0,343.0,62800.0
2023-09-04,47770,346.0,349.0,343.0,345.0,0,0,93300.0,32278800.0,1.0,346.0,349.0,343.0,345.0,93300.0
2023-09-05,47770,345.0,354.0,345.0,354.0,0,0,100400.0,35326400.0,1.0,345.0,354.0,345.0,354.0,100400.0
2023-09-06,47770,352.0,359.0,351.0,355.0,0,0,86500.0,30696700.0,1.0,352.0,359.0,351.0,355.0,86500.0
2023-09-07,47770,353.0,361.0,352.0,361.0,0,0,102500.0,36576100.0,1.0,353.0,361.0,352.0,361.0,102500.0
2023-09-08,47770,353.0,361.0,353.0,359.0,0,0,120600.0,42898700.0,1.0,353.0,361.0,353.0,359.0,120600.0
2023-09-11,47770,358.0,359.0,350.0,350.0,0,0,74600.0,26471700.0,1.0,358.0,359.0,350.0,350.0,74600.0
2023-09-12,47770,366.0,373.0,348.0,348.0,0,0,316600.0,114046800.0,1.0,366.0,373.0,348.0,348.0,316600.0
2023-09-13,47770,345.0,353.0,345.0,349.0,0,0,48800.0,17040100.0,1.0,345.0,353.0,345.0,349.0,48800.0
2023-09-14,47770,349.0,354.0,348.0,351.0,0,0,55400.0,19466100.0,1.0,349.0,354.0,348.0,351.0,55400.0
2023-09-15,47770,351.0,356.0,350.0,355.0,0,0,68400.0,24151700.0,1.0,351.0,356.0,350.0,355.0,68400.0
2023-09-19,47770,355.0,356.0,346.0,349.0,0,0,70800.0,24807700.0,1.0,355.0,356.0,346.0,349.0,70800.0
2023-09-20,47770,347.0,351.0,345.0,347.0,0,0,57600.0,20010300.0,1.0,347.0,351.0,345.0,347.0,57600.0
2023-09-21,47770,347.0,348.0,339.0,342.0,0,0,112300.0,38542100.0,1.0,347.0,348.0,339.0,342.0,112300.0
2023-09-22,47770,342.0,351.0,340.0,346.0,0,0,69100.0,23977500.0,1.0,342.0,351.0,340.0,346.0,69100.0
2023-09-25,47770,350.0,357.0,346.0,356.0,0,0,151000.0,53504500.0,1.0,350.0,357.0,346.0,356.0,151000.0
2023-09-26,47770,357.0,357.0,348.0,348.0,0,0,59800.0,20947600.0,1.0,357.0,357.0,348.0,348.0,59800.0
2023-09-27,47770,345.0,353.0,345.0,353.0,0,0,52600.0,18341100.0,1.0,345.0,353.0,345.0,353.0,52600.0
2023-09-28,47770,337.0,344.0,330.0,332.0,0,0,354800.0,118488500.0,1.0,337.0,344.0,330.0,332.0,354800.0
2023-09-29,47770,335.0,337.0,323.0,325.0,0,0,284400.0,92854000.0,1.0,335.0,337.0,323.0,325.0,284400.0
2023-10-02,47770,323.0,323.0,303.0,303.0,0,0,282500.0,88226400.0,1.0,323.0,323.0,303.0,303.0,282500.0
2023-10-03,47770,300.0,305.0,295.0,296.0,0,0,212100.0,63480100.0,1.0,300.0,305.0,295.0,296.0,212100.0
2023-10-04,47770,295.0,299.0,289.0,290.0,0,0,182700.0,53735600.0,1.0,295.0,299.0,289.0,290.0,182700.0
2023-10-05,47770,289.0,296.0,286.0,289.0,0,0,158900.0,46329600.0,1.0,289.0,296.0,286.0,289.0,158900.0
2023-10-06,47770,287.0,296.0,285.0,294.0,0,0,101700.0,29512900.0,1.0,287.0,296.0,285.0,294.0,101700.0
2023-10-10,47770,296.0,309.0,296.0,308.0,0,0,119600.0,36134900.0,1.0,296.0,309.0,296.0,308.0,119600.0
2023-10-11,47770,309.0,309.0,298.0,299.0,0,0,67800.0,20452900.0,1.0,309.0,309.0,298.0,299.0,67800.0
2023-10-12,47770,298.0,303.0,293.0,301.0,0,0,93500.0,27864800.0,1.0,298.0,303.0,293.0,301.0,93500.0
2023-10-13,47770,296.0,299.0,288.0,291.0,0,0,126400.0,36883200.0,1.0,296.0,299.0,288.0,291.0,126400.0
2023-10-16,47770,290.0,292.0,283.0,283.0,0,0,96900.0,27786600.0,1.0,290.0,292.0,283.0,283.0,96900.0
2023-10-17,47770,285.0,294.0,285.0,290.0,0,0,93500.0,27228100.0,1.0,285.0,294.0,285.0,290.0,93500.0
2023-10-18,47770,289.0,293.0,287.0,287.0,0,0,49900.0,14445900.0,1.0,289.0,293.0,287.0,287.0,49900.0
2023-10-19,47770,283.0,288.0,281.0,284.0,0,0,73500.0,20863600.0,1.0,283.0,288.0,281.0,284.0,73500.0
2023-10-20,47770,281.0,288.0,276.0,287.0,0,0,97100.0,27312900.0,1.0,281.0,288.0,276.0,287.0,97100.0
2023-10-23,47770,285.0,286.0,275.0,276.0,0,0,78300.0,21829300.0,1.0,285.0,286.0,275.0,276.0,78300.0
2023-10-24,47770,274.0,283.0,269.0,279.0,0,0,119700.0,32928500.0,1.0,274.0,283.0,269.0,279.0,119700.0
2023-10-25,47770,282.0,289.0,281.0,285.0,0,0,56700.0,16176400.0,1.0,282.0,289.0,281.0,285.0,56700.0
2023-10-26,47770,285.0,285.0,277.0,277.0,0,0,58400.0,16361500.0,1.0,285.0,285.0,277.0,277.0,58400.0
2023-10-27,47770,275.0,288.0,275.0,287.0,0,0,46300.0,13072100.0,1.0,275.0,288.0,275.0,287.0,46300.0
2023-10-30,47770,287.0,288.0,283.0,284.0,0,0,26000.0,7418700.0,1.0,287.0,288.0,283.0,284.0,26000.0
2023-10-31,47770,284.0,292.0,281.0,290.0,0,0,62400.0,17959900.0,1.0,284.0,292.0,281.0,290.0,62400.0
2023-11-01,47770,288.0,291.0,282.0,287.0,0,0,83500.0,23898300.0,1.0,288.0,291.0,282.0,287.0,83500.0
2023-11-02,47770,285.0,293.0,285.0,292.0,0,0,90400.0,26209700.0,1.0,285.0,293.0,285.0,292.0,90400.0
2023-11-06,47770,292.0,305.0,292.0,300.0,0,0,156100.0,46952400.0,1.0,292.0,305.0,292.0,300.0,156100.0
2023-11-07,47770,335.0,379.0,327.0,331.0,0,0,3815500.0,1346047400.0,1.0,335.0,379.0,327.0,331.0,3815500.0
2023-11-08,47770,323.0,332.0,317.0,322.0,0,0,503800.0,162801100.0,1.0,323.0,332.0,317.0,322.0,503800.0
2023-11-09,47770,322.0,325.0,316.0,324.0,0,0,155700.0,49766200.0,1.0,322.0,325.0,316.0,324.0,155700.0
2023-11-10,47770,324.0,324.0,311.0,313.0,0,0,178000.0,56118700.0,1.0,324.0,324.0,311.0,313.0,178000.0
2023-11-13,47770,307.0,329.0,305.0,328.0,0,0,163200.0,52248900.0,1.0,307.0,329.0,305.0,328.0,163200.0
2023-11-14,47770,330.0,335.0,322.0,322.0,0,0,125400.0,40983200.0,1.0,330.0,335.0,322.0,322.0,125400.0
2023-11-15,47770,326.0,327.0,320.0,324.0,0,0,75300.0,24361100.0,1.0,326.0,327.0,320.0,324.0,75300.0
2023-11-16,47770,322.0,334.0,322.0,329.0,0,0,107500.0,35385800.0,1.0,322.0,334.0,322.0,329.0,107500.0
2023-11-17,47770,326.0,329.0,323.0,325.0,0,0,56000.0,18209600.0,1.0,326.0,329.0,323.0,325.0,56000.0
2023-11-20,47770,323.0,334.0,323.0,329.0,0,0,177000.0,58264800.0,1.0,323.0,334.0,323.0,329.0,177000.0
2023-11-21,47770,329.0,340.0,329.0,339.0,0,0,157000.0,52611000.0,1.0,329.0,340.0,329.0,339.0,157000.0
2023-11-22,47770,337.0,337.0,330.0,330.0,0,0,81600.0,27110300.0,1.0,337.0,337.0,330.0,330.0,81600.0
2023-11-24,47770,328.0,329.0,319.0,319.0,0,0,86300.0,27905200.0,1.0,328.0,329.0,319.0,319.0,86300.0
2023-11-27,47770,319.0,326.0,316.0,320.0,0,0,93300.0,29816200.0,1.0,319.0,326.0,316.0,320.0,93300.0
2023-11-28,47770,321.0,323.0,315.0,315.0,0,0,35000.0,11117200.0,1.0,321.0,323.0,315.0,315.0,35000.0
2023-11-29,47770,314.0,324.0,314.0,314.0,0,0,48100.0,15336600.0,1.0,314.0,324.0,314.0,314.0,48100.0
2023-11-30,47770,315.0,317.0,310.0,312.0,0,0,52200.0,16326100.0,1.0,315.0,317.0,310.0,312.0,52200.0
2023-12-01,47770,310.0,313.0,301.0,301.0,0,0,130800.0,39933700.0,1.0,310.0,313.0,301.0,301.0,130800.0
2023-12-04,47770,300.0,314.0,300.0,312.0,0,0,82900.0,25700300.0,1.0,300.0,314.0,300.0,312.0,82900.0
2023-12-05,47770,308.0,310.0,303.0,304.0,0,0,84800.0,25835400.0,1.0,308.0,310.0,303.0,304.0,84800.0
2023-12-06,47770,302.0,307.0,302.0,304.0,0,0,38400.0,11670900.0,1.0,302.0,307.0,302.0,304.0,38400.0
2023-12-07,47770,302.0,302.0,297.0,299.0,0,0,48600.0,14553400.0,1.0,302.0,302.0,297.0,299.0,48600.0
2023-12-08,47770,297.0,302.0,293.0,295.0,0,0,55000.0,16258500.0,1.0,297.0,302.0,293.0,295.0,55000.0
2023-12-11,47770,293.0,306.0,293.0,301.0,0,0,52200.0,15789100.0,1.0,293.0,306.0,293.0,301.0,52200.0
2023-12-12,47770,300.0,303.0,294.0,295.0,0,0,45600.0,13523600.0,1.0,300.0,303.0,294.0,295.0,45600.0
2023-12-13,47770,294.0,297.0,293.0,296.0,0,0,43400.0,12809800.0,1.0,294.0,297.0,293.0,296.0,43400.0
2023-12-14,47770,296.0,302.0,291.0,291.0,0,0,50100.0,14835400.0,1.0,296.0,302.0,291.0,291.0,50100.0
2023-12-15,47770,291.0,297.0,291.0,292.0,0,0,50000.0,14678200.0,1.0,291.0,297.0,291.0,292.0,50000.0
2023-12-18,47770,294.0,295.0,288.0,289.0,0,0,40300.0,11732700.0,1.0,294.0,295.0,288.0,289.0,40300.0
2023-12-19,47770,289.0,296.0,289.0,294.0,0,0,56300.0,16491100.0,1.0,289.0,296.0,289.0,294.0,56300.0
2023-12-20,47770,296.0,307.0,294.0,299.0,0,0,90800.0,27296100.0,1.0,296.0,307.0,294.0,299.0,90800.0
2023-12-21,47770,295.0,300.0,292.0,294.0,0,0,49600.0,14630700.0,1.0,295.0,300.0,292.0,294.0,49600.0
2023-12-22,47770,296.0,299.0,292.0,294.0,0,0,65400.0,19302100.0,1.0,296.0,299.0,292.0,294.0,65400.0
2023-12-25,47770,294.0,296.0,280.0,282.0,0,0,142100.0,40764800.0,1.0,294.0,296.0,280.0,282.0,142100.0
2023-12-26,47770,279.0,282.0,273.0,275.0,0,0,138100.0,38365900.0,1.0,279.0,282.0,273.0,275.0,138100.0
2023-12-27,47770,275.0,282.0,272.0,278.0,0,0,137000.0,38113500.0,1.0,275.0,282.0,272.0,278.0,137000.0
2023-12-28,47770,278.0,286.0,274.0,284.0,0,0,51300.0,14403500.0,1.0,278.0,286.0,274.0,284.0,51300.0
2023-12-29,47770,283.0,288.0,281.0,286.0,0,0,60700.0,17296600.0,1.0,283.0,288.0,281.0,286.0,60700.0
2024-01-04,47770,281.0,296.0,281.0,290.0,0,0,95300.0,27567200.0,1.0,281.0,296.0,281.0,290.0,95300.0
2024-01-05,47770,286.0,290.0,281.0,281.0,0,0,72000.0,20466800.0,1.0,286.0,290.0,281.0,281.0,72000.0
2024-01-09,47770,282.0,290.0,282.0,289.0,0,0,48300.0,13854600.0,1.0,282.0,290.0,282.0,289.0,48300.0
2024-01-10,47770,287.0,292.0,287.0,291.0,0,0,59800.0,17339700.0,1.0,287.0,292.0,287.0,291.0,59800.0
2024-01-11,47770,289.0,290.0,285.0,287.0,0,0,53700.0,15399700.0,1.0,289.0,290.0,285.0,287.0,53700.0
2024-01-12,47770,288.0,288.0,281.0,286.0,0,0,59200.0,16817200.0,1.0,288.0,288.0,281.0,286.0,59200.0
2024-01-15,47770,283.0,283.0,276.0,278.0,0,0,124100.0,34660500.0,1.0,283.0,283.0,276.0,278.0,124100.0
2024-01-16,47770,277.0,279.0,271.0,273.0,0,0,133600.0,36680200.0,1.0,277.0,279.0,271.0,273.0,133600.0
2024-01-17,47770,272.0,273.0,261.0,262.0,0,0,145800.0,38698800.0,1.0,272.0,273.0,261.0,262.0,145800.0
2024-01-18,47770,261.0,265.0,258.0,262.0,0,0,46500.0,12164800.0,1.0,261.0,265.0,258.0,262.0,46500.0
2024-01-19,47770,259.0,269.0,259.0,262.0,0,0,75500.0,19995200.0,1.0,259.0,269.0,259.0,262.0,75500.0
2024-01-22,47770,265.0,273.0,257.0,272.0,0,0,101000.0,26965100.0,1.0,265.0,273.0,257.0,272.0,101000.0
2024-01-23,47770,272.0,273.0,266.0,267.0,0,0,53200.0,14316700.0,1.0,272.0,273.0,266.0,267.0,53200.0
2024-01-24,47770,264.0,269.0,264.0,266.0,0,0,32500.0,8653700.0,1.0,264.0,269.0,264.0,266.0,32500.0
2024-01-25,47770,266.0,274.0,266.0,274.0,0,0,41700.0,11277400.0,1.0,266.0,274.0,266.0,274.0,41700.0
2024-01-26,47770,271.0,280.0,271.0,275.0,0,0,60300.0,16676500.0,1.0,271.0,280.0,271.0,275.0,60300.0
2024-01-29,47770,279.0,280.0,276.0,280.0,0,0,42800.0,11891700.0,1.0,279.0,280.0,276.0,280.0,42800.0
2024-01-30,47770,280.0,280.0,276.0,280.0,0,0,26200.0,7279300.0,1.0,280.0,280.0,276.0,280.0,26200.0
2024-01-31,47770,281.0,281.0,272.0,279.0,0,0,46500.0,12815800.0,1.0,281.0,281.0,272.0,279.0,46500.0
2024-02-01,47770,278.0,278.0,273.0,275.0,0,0,33300.0,9181300.0,1.0,278.0,278.0,273.0,275.0,33300.0
2024-02-02,47770,273.0,290.0,273.0,285.0,0,0,140000.0,40028200.0,1.0,273.0,290.0,273.0,285.0,140000.0
2024-02-05,47770,288.0,295.0,285.0,289.0,0,0,96300.0,27872100.0,1.0,288.0,295.0,285.0,289.0,96300.0
2024-02-06,47770,291.0,291.0,285.0,289.0,0,0,10300.0,2958600.0,1.0,291.0,291.0,285.0,289.0,10300.0
2024-02-07,47770,285.0,286.0,281.0,283.0,0,0,56900.0,16159100.0,1.0,285.0,286.0,281.0,283.0,56900.0
2024-02-08,47770,286.0,286.0,279.0,281.0,0,0,32600.0,9194900.0,1.0,286.0,286.0,279.0,281.0,32600.0
2024-02-09,47770,279.0,281.0,276.0,276.0,0,0,32500.0,9063000.0,1.0,279.0,281.0,276.0,276.0,32500.0
2024-02-13,47770,275.0,278.0,267.0,269.0,0,0,83000.0,22536400.0,1.0,275.0,278.0,267.0,269.0,83000.0
2024-02-14,47770,267.0,270.0,267.0,268.0,0,0,22300.0,5978500.0,1.0,267.0,270.0,267.0,268.0,22300.0
2024-02-15,47770,273.0,273.0,268.0,273.0,0,0,48000.0,13014300.0,1.0,273.0,273.0,268.0,273.0,48000.0
2024-02-16,47770,274.0,287.0,268.0,284.0,0,0,136700.0,37689600.0,1.0,274.0,287.0,268.0,284.0,136700.0
2024-02-19,47770,269.0,279.0,266.0,275.0,0,0,175300.0,47796800.0,1.0,269.0,279.0,266.0,275.0,175300.0
2024-02-20,47770,280.0,294.0,275.0,285.0,0,0,189600.0,54370000.0,1.0,280.0,294.0,275.0,285.0,189600.0
2024-02-21,47770,280.0,283.0,277.0,278.0,0,0,81600.0,22798300.0,1.0,280.0,283.0,277.0,278.0,81600.0
2024-02-22,47770,277.0,278.0,271.0,271.0,0,0,62000.0,17032300.0,1.0,277.0,278.0,271.0,271.0,62000.0
2024-02-26,47770,271.0,277.0,268.0,274.0,0,0,85400.0,23328900.0,1.0,271.0,277.0,268.0,274.0,85400.0
2024-02-27,47770,274.0,278.0,271.0,276.0,0,0,30700.0,8438300.0,1.0,274.0,278.0,271.0,276.0,30700.0
2024-02-28,47770,274.0,282.0,274.0,276.0,0,0,44600.0,12461700.0,1.0,274.0,282.0,274.0,276.0,44600.0
2024-02-29,47770,276.0,276.0,272.0,273.0,0,0,22400.0,6131600.0,1.0,276.0,276.0,272.0,273.0,22400.0
2024-03-01,47770,274.0,274.0,263.0,265.0,0,0,114300.0,30583200.0,1.0,274.0,274.0,263.0,265.0,114300.0
2024-03-04,47770,264.0,269.0,262.0,262.0,0,0,56000.0,14771000.0,1.0,264.0,269.0,262.0,262.0,56000.0
2024-03-05,47770,261.0,262.0,255.0,258.0,0,0,136100.0,35220400.0,1.0,261.0,262.0,255.0,258.0,136100.0
2024-03-06,47770,258.0,264.0,258.0,262.0,0,0,68800.0,17969500.0,1.0,258.0,264.0,258.0,262.0,68800.0
2024-03-07,47770,262.0,266.0,259.0,262.0,0,0,60300.0,15838500.0,1.0,262.0,266.0,259.0,262.0,60300.0
2024-03-08,47770,262.0,268.0,262.0,265.0,0,0,58100.0,15389000.0,1.0,262.0,268.0,262.0,265.0,58100.0
2024-03-11,47770,261.0,264.0,261.0,261.0,0,0,30200.0,7904900.0,1.0,261.0,264.0,261.0,261.0,30200.0
2024-03-12,47770,260.0,266.0,258.0,263.0,0,0,51400.0,13461800.0,1.0,260.0,266.0,258.0,263.0,51400.0
2024-03-13,47770,263.0,264.0,259.0,259.0,0,0,44900.0,11746300.0,1.0,263.0,264.0,259.0,259.0,44900.0
2024-03-14,47770,258.0,259.0,255.0,257.0,0,0,62200.0,15966900.0,1.0,258.0,259.0,255.0,257.0,62200.0
2024-03-15,47770,257.0,259.0,253.0,257.0,0,0,47200.0,12068300.0,1.0,257.0,259.0,253.0,257.0,47200.0
2024-03-18,47770,256.0,261.0,256.0,258.0,0,0,27200.0,7038000.0,1.0,256.0,261.0,256.0,258.0,27200.0
2024-03-19,47770,258.0,262.0,258.0,261.0,0,0,34900.0,9066400.0,1.0,258.0,262.0,258.0,261.0,34900.0
2024-03-21,47770,262.0,265.0,260.0,264.0,0,0,24100.0,6328600.0,1.0,262.0,265.0,260.0,264.0,24100.0
2024-03-22,47770,265.0,266.0,262.0,266.0,0,0,31900.0,8424200.0,1.0,265.0,266.0,262.0,266.0,31900.0
2024-03-25,47770,264.0,266.0,261.0,261.0,0,0,37500.0,9858700.0,1.0,264.0,266.0,261.0,261.0,37500.0
2024-03-26,47770,261.0,263.0,257.0,261.0,0,0,29500.0,7657700.0,1.0,261.0,263.0,257.0,261.0,29500.0
2024-03-27,47770,265.0,265.0,259.0,260.0,0,0,35900.0,9405700.0,1.0,265.0,265.0,259.0,260.0,35900.0
2024-03-28,47770,256.0,262.0,256.0,260.0,0,0,16500.0,4274400.0,1.0,256.0,262.0,256.0,260.0,16500.0
2024-03-29,47770,258.0,261.0,254.0,257.0,0,0,75400.0,19336500.0,1.0,258.0,261.0,254.0,257.0,75400.0
2024-04-01,47770,257.0,258.0,254.0,256.0,0,0,28100.0,7202400.0,1.0,257.0,258.0,254.0,256.0,28100.0
2024-04-02,47770,255.0,256.0,251.0,253.0,0,0,45900.0,11623500.0,1.0,255.0,256.0,251.0,253.0,45900.0
2024-04-03,47770,249.0,252.0,247.0,248.0,0,0,76400.0,19032100.0,1.0,249.0,252.0,247.0,248.0,76400.0
2024-04-04,47770,245.0,249.0,243.0,243.0,0,0,52500.0,12840700.0,1.0,245.0,249.0,243.0,243.0,52500.0
2024-04-05,47770,235.0,242.0,235.0,240.0,0,0,57400.0,13676200.0,1.0,235.0,242.0,235.0,240.0,57400.0
2024-04-08,47770,239.0,242.0,237.0,239.0,0,0,42000.0,10032300.0,1.0,239.0,242.0,237.0,239.0,42000.0
2024-04-09,47770,239.0,245.0,239.0,245.0,0,0,26300.0,6381700.0,1.0,239.0,245.0,239.0,245.0,26300.0
2024-04-10,47770,253.0,259.0,246.0,247.0,0,0,109500.0,27493800.0,1.0,253.0,259.0,246.0,247.0,109500.0
2024-04-11,47770,246.0,246.0,243.0,244.0,0,0,13700.0,3357000.0,1.0,246.0,246.0,243.0,244.0,13700.0
2024-04-12,47770,244.0,246.0,244.0,245.0,0,0,8200.0,2004400.0,1.0,244.0,246.0,244.0,245.0,8200.0
2024-04-15,47770,243.0,245.0,243.0,243.0,0,0,11900.0,2904300.0,1.0,243.0,245.0,243.0,243.0,11900.0
2024-04-16,47770,239.0,243.0,238.0,239.0,0,0,34800.0,8363700.0,1.0,239.0,243.0,238.0,239.0,34800.0
2024-04-17,47770,240.0,241.0,236.0,237.0,0,0,67000.0,16025100.0,1.0,240.0,241.0,236.0,237.0,67000.0
2024-04-18,47770,241.0,241.0,236.0,239.0,0,0,32400.0,7704800.0,1.0,241.0,241.0,236.0,239.0,32400.0
2024-04-19,47770,238.0,238.0,231.0,234.0,0,0,36900.0,8661500.0,1.0,238.0,238.0,231.0,234.0,36900.0
2024-04-22,47770,235.0,238.0,232.0,237.0,0,0,24000.0,5658200.0,1.0,235.0,238.0,232.0,237.0,24000.0
2024-04-23,47770,237.0,239.0,236.0,236.0,0,0,24400.0,5782500.0,1.0,237.0,239.0,236.0,236.0,24400.0
2024-04-24,47770,238.0,247.0,238.0,242.0,0,0,82300.0,19952700.0,1.0,238.0,247.0,238.0,242.0,82300.0
2024-04-25,47770,245.0,245.0,238.0,238.0,0,0,17400.0,4201800.0,1.0,245.0,245.0,238.0,238.0,17400.0
2024-04-26,47770,237.0,237.0,234.0,234.0,0,0,21200.0,4995000.0,1.0,237.0,237.0,234.0,234.0,21200.0
2024-04-30,47770,235.0,237.0,232.0,232.0,0,0,26800.0,6272900.0,1.0,235.0,237.0,232.0,232.0,26800.0
2024-05-01,47770,235.0,235.0,233.0,233.0,0,0,8500.0,1983100.0,1.0,235.0,235.0,233.0,233.0,8500.0
2024-05-02,47770,233.0,234.0,232.0,233.0,0,0,11200.0,2610900.0,1.0,233.0,234.0,232.0,233.0,11200.0
2024-05-07,47770,231.0,235.0,231.0,233.0,0,0,46900.0,10889400.0,1.0,231.0,235.0,231.0,233.0,46900.0
2024-05-08,47770,232.0,235.0,230.0,230.0,0,0,32400.0,7515700.0,1.0,232.0,235.0,230.0,230.0,32400.0
2024-05-09,47770,230.0,230.0,219.0,225.0,0,0,141900.0,31721000.0,1.0,230.0,230.0,219.0,225.0,141900.0
2024-05-10,47770,223.0,227.0,221.0,227.0,0,0,22500.0,5035100.0,1.0,223.0,227.0,221.0,227.0,22500.0
2024-05-13,47770,220.0,228.0,219.0,227.0,0,0,58300.0,12967700.0,1.0,220.0,228.0,219.0,227.0,58300.0
2024-05-14,47770,225.0,228.0,225.0,226.0,0,0,17100.0,3874100.0,1.0,225.0,228.0,225.0,226.0,17100.0
2024-05-15,47770,226.0,227.0,224.0,224.0,0,0,19400.0,4371600.0,1.0,226.0,227.0,224.0,224.0,19400.0
2024-05-16,47770,224.0,226.0,217.0,218.0,0,0,74500.0,16438300.0,1.0,224.0,226.0,217.0,218.0,74500.0
2024-05-17,47770,221.0,222.0,218.0,220.0,0,0,62700.0,13714900.0,1.0,221.0,222.0,218.0,220.0,62700.0
2024-05-20,47770,218.0,232.0,217.0,231.0,0,0,74700.0,16787000.0,1.0,218.0,232.0,217.0,231.0,74700.0
2024-05-21,47770,228.0,229.0,224.0,226.0,0,0,27600.0,6246300.0,1.0,228.0,229.0,224.0,226.0,27600.0
2024-05-22,47770,225.0,226.0,221.0,221.0,0,0,17400.0,3883000.0,1.0,225.0,226.0,221.0,221.0,17400.0
2024-05-23,47770,221.0,221.0,219.0,220.0,0,0,21100.0,4634100.0,1.0,221.0,221.0,219.0,220.0,21100.0
2024-05-24,47770,220.0,220.0,216.0,217.0,0,0,25700.0,5591400.0,1.0,220.0,220.0,216.0,217.0,25700.0
2024-05-27,47770,216.0,219.0,216.0,219.0,0,0,19200.0,4175000.0,1.0,216.0,219.0,216.0,219.0,19200.0
2024-05-28,47770,216.0,222.0,216.0,219.0,0,0,36700.0,8055400.0,1.0,216.0,222.0,216.0,219.0,36700.0
2024-05-29,47770,219.0,222.0,218.0,219.0,0,0,18900.0,4155400.0,1.0,219.0,222.0,218.0,219.0,18900.0
2024-05-30,47770,218.0,223.0,218.0,223.0,0,0,32600.0,7224600.0,1.0,218.0,223.0,218.0,223.0,32600.0
2024-05-31,47770,221.0,228.0,221.0,226.0,0,0,42400.0,9547800.0,1.0,221.0,228.0,221.0,226.0,42400.0
2024-06-03,47770,226.0,228.0,225.0,228.0,0,0,16000.0,3621600.0,1.0,226.0,228.0,225.0,228.0,16000.0
2024-06-04,47770,226.0,231.0,226.0,229.0,0,0,27400.0,6269100.0,1.0,226.0,231.0,226.0,229.0,27400.0
2024-06-05,47770,227.0,232.0,227.0,229.0,0,0,34800.0,8016700.0,1.0,227.0,232.0,227.0,229.0,34800.0
2024-06-06,47770,229.0,233.0,229.0,229.0,0,0,38400.0,8856800.0,1.0,229.0,233.0,229.0,229.0,38400.0
2024-06-07,47770,228.0,235.0,228.0,229.0,0,0,31600.0,7319200.0,1.0,228.0,235.0,228.0,229.0,31600.0
2024-06-10,47770,231.0,234.0,230.0,231.0,0,0,26600.0,6166700.0,1.0,231.0,234.0,230.0,231.0,26600.0
2024-06-11,47770,230.0,234.0,230.0,230.0,0,0,23000.0,5334000.0,1.0,230.0,234.0,230.0,230.0,23000.0
2024-06-12,47770,229.0,232.0,228.0,229.0,0,0,42700.0,9801200.0,1.0,229.0,232.0,228.0,229.0,42700.0
2024-06-13,47770,230.0,234.0,229.0,230.0,0,0,29700.0,6881100.0,1.0,230.0,234.0,229.0,230.0,29700.0
2024-06-14,47770,233.0,234.0,227.0,231.0,0,0,33300.0,7672900.0,1.0,233.0,234.0,227.0,231.0,33300.0
2024-06-17,47770,231.0,235.0,231.0,232.0,0,0,28100.0,6541500.0,1.0,231.0,235.0,231.0,232.0,28100.0
2024-06-18,47770,233.0,256.0,231.0,256.0,0,0,144000.0,35082300.0,1.0,233.0,256.0,231.0,256.0,144000.0
2024-06-19,47770,250.0,281.0,242.0,265.0,0,0,501300.0,132210000.0,1.0,250.0,281.0,242.0,265.0,501300.0
2024-06-20,47770,263.0,264.0,253.0,261.0,0,0,114800.0,29674400.0,1.0,263.0,264.0,253.0,261.0,114800.0
2024-06-21,47770,262.0,262.0,241.0,242.0,0,0,169100.0,42020600.0,1.0,262.0,262.0,241.0,242.0,169100.0
2024-06-24,47770,242.0,247.0,242.0,245.0,0,0,35900.0,8808200.0,1.0,242.0,247.0,242.0,245.0,35900.0
2024-06-25,47770,244.0,249.0,243.0,248.0,0,0,64400.0,15859800.0,1.0,244.0,249.0,243.0,248.0,64400.0
2024-06-26,47770,250.0,251.0,243.0,248.0,0,0,50200.0,12353300.0,1.0,250.0,251.0,243.0,248.0,50200.0
2024-06-27,47770,248.0,251.0,248.0,251.0,0,0,28800.0,7196400.0,1.0,248.0,251.0,248.0,251.0,28800.0
2024-06-28,47770,251.0,260.0,251.0,253.0,0,0,78500.0,20087600.0,1.0,251.0,260.0,251.0,253.0,78500.0
2024-07-01,47770,254.0,267.0,250.0,262.0,0,0,101800.0,26351500.0,1.0,254.0,267.0,250.0,262.0,101800.0
2024-07-02,47770,261.0,292.0,259.0,266.0,0,0,491400.0,135489900.0,1.0,261.0,292.0,259.0,266.0,491400.0
2024-07-03,47770,266.0,278.0,266.0,271.0,0,0,96100.0,26164700.0,1.0,266.0,278.0,266.0,271.0,96100.0
2024-07-04,47770,276.0,291.0,273.0,286.0,0,0,236100.0,66889900.0,1.0,276.0,291.0,273.0,286.0,236100.0
2024-07-05,47770,286.0,291.0,280.0,285.0,0,0,139200.0,39851500.0,1.0,286.0,291.0,280.0,285.0,139200.0
2024-07-08,47770,288.0,288.0,270.0,270.0,0,0,104600.0,29094600.0,1.0,288.0,288.0,270.0,270.0,104600.0
2024-07-09,47770,272.0,272.0,259.0,262.0,0,0,88100.0,23338700.0,1.0,272.0,272.0,259.0,262.0,88100.0
2024-07-10,47770,263.0,268.0,256.0,256.0,0,0,89900.0,23501300.0,1.0,263.0,268.0,256.0,256.0,89900.0
2024-07-11,47770,257.0,267.0,257.0,265.0,0,0,88100.0,23162800.0,1.0,257.0,267.0,257.0,265.0,88100.0
2024-07-12,47770,264.0,273.0,260.0,270.0,0,0,110600.0,29432200.0,1.0,264.0,273.0,260.0,270.0,110600.0
2024-07-16,47770,276.0,279.0,272.0,279.0,0,0,123700.0,34025200.0,1.0,276.0,279.0,272.0,279.0,123700.0
2024-07-17,47770,277.0,282.0,273.0,278.0,0,0,77700.0,21533100.0,1.0,277.0,282.0,273.0,278.0,77700.0
2024-07-18,47770,275.0,278.0,271.0,274.0,0,0,47500.0,12973300.0,1.0,275.0,278.0,271.0,274.0,47500.0
2024-07-19,47770,269.0,269.0,263.0,266.0,0,0,55300.0,14701900.0,1.0,269.0,269.0,263.0,266.0,55300.0
2024-07-22,47770,260.0,260.0,253.0,256.0,0,0,60100.0,15440000.0,1.0,260.0,260.0,253.0,256.0,60100.0
2024-07-23,47770,256.0,264.0,255.0,258.0,0,0,56800.0,14699200.0,1.0,256.0,264.0,255.0,258.0,56800.0
2024-07-24,47770,259.0,263.0,252.0,253.0,0,0,37400.0,9539000.0,1.0,259.0,263.0,252.0,253.0,37400.0
2024-07-25,47770,245.0,251.0,245.0,249.0,0,0,59900.0,14817800.0,1.0,245.0,251.0,245.0,249.0,59900.0
2024-07-26,47770,248.0,255.0,248.0,248.0,0,0,24700.0,6204100.0,1.0,248.0,255.0,248.0,248.0,24700.0
2024-07-29,47770,247.0,254.0,247.0,251.0,0,0,32400.0,8148400.0,1.0,247.0,254.0,247.0,251.0,32400.0
2024-07-30,47770,253.0,257.0,248.0,253.0,0,0,25700.0,6475500.0,1.0,253.0,257.0,248.0,253.0,25700.0
2024-07-31,47770,250.0,253.0,250.0,252.0,0,0,19000.0,4771300.0,1.0,250.0,253.0,250.0,252.0,19000.0
2024-08-01,47770,255.0,255.0,240.0,243.0,0,0,52000.0,12713900.0,1.0,255.0,255.0,240.0,243.0,52000.0
2024-08-02,47770,238.0,238.0,224.0,226.0,0,0,82600.0,19003400.0,1.0,238.0,238.0,224.0,226.0,82600.0
2024-08-05,47770,215.0,216.0,171.0,189.0,0,0,418300.0,81520100.0,1.0,215.0,216.0,171.0,189.0,418300.0
2024-08-06,47770,195.0,204.0,191.0,199.0,0,0,160900.0,31511200.0,1.0,195.0,204.0,191.0,199.0,160900.0
2024-08-07,47770,192.0,206.0,192.0,202.0,0,0,80400.0,16193600.0,1.0,192.0,206.0,192.0,202.0,80400.0
2024-08-08,47770,198.0,207.0,198.0,203.0,0,0,41200.0,8362800.0,1.0,198.0,207.0,198.0,203.0,41200.0
2024-08-09,47770,208.0,214.0,202.0,209.0,0,0,76200.0,15925500.0,1.0,208.0,214.0,202.0,209.0,76200.0
2024-08-13,47770,206.0,223.0,206.0,220.0,0,0,56800.0,12312400.0,1.0,206.0,223.0,206.0,220.0,56800.0
2024-08-14,47770,220.0,226.0,195.0,220.0,0,0,124500.0,26444500.0,1.0,220.0,226.0,195.0,220.0,124500.0
2024-08-15,47770,221.0,223.0,216.0,223.0,0,0,34200.0,7502500.0,1.0,221.0,223.0,216.0,223.0,34200.0
2024-08-16,47770,222.0,229.0,221.0,227.0,0,0,39100.0,8825100.0,1.0,222.0,229.0,221.0,227.0,39100.0
2024-08-19,47770,220.0,228.0,219.0,225.0,0,0,38400.0,8542900.0,1.0,220.0,228.0,219.0,225.0,38400.0
2024-08-20,47770,223.0,228.0,223.0,224.0,0,0,18900.0,4262700.0,1.0,223.0,228.0,223.0,224.0,18900.0
2024-08-21,47770,220.0,231.0,220.0,228.0,0,0,34800.0,7813500.0,1.0,220.0,231.0,220.0,228.0,34800.0
2024-08-22,47770,229.0,229.0,220.0,220.0,0,0,35700.0,7974400.0,1.0,229.0,229.0,220.0,220.0,35700.0
2024-08-23,47770,220.0,224.0,220.0,221.0,0,0,20600.0,4548800.0,1.0,220.0,224.0,220.0,221.0,20600.0
2024-08-26,47770,220.0,225.0,219.0,221.0,0,0,17100.0,3795900.0,1.0,220.0,225.0,219.0,221.0,17100.0
2024-08-27,47770,221.0,224.0,217.0,223.0,0,0,32100.0,7095700.0,1.0,221.0,224.0,217.0,223.0,32100.0
2024-08-28,47770,223.0,234.0,219.0,222.0,0,0,98000.0,21957000.0,1.0,223.0,234.0,219.0,222.0,98000.0
2024-08-29,47770,220.0,220.0,210.0,213.0,0,0,70900.0,15210800.0,1.0,220.0,220.0,210.0,213.0,70900.0
2024-08-30,47770,213.0,215.0,212.0,212.0,0,0,13700.0,2922800.0,1.0,213.0,215.0,212.0,212.0,13700.0
2024-09-02,47770,210.0,211.0,207.0,209.0,0,0,34900.0,7296300.0,1.0,210.0,211.0,207.0,209.0,34900.0
2024-09-03,47770,209.0,230.0,209.0,222.0,0,0,106200.0,23228700.0,1.0,209.0,230.0,209.0,222.0,106200.0
2024-09-04,47770,217.0,218.0,211.0,211.0,0,0,49000.0,10481900.0,1.0,217.0,218.0,211.0,211.0,49000.0
2024-09-05,47770,210.0,215.0,210.0,212.0,0,0,21600.0,4598900.0,1.0,210.0,215.0,210.0,212.0,21600.0
2024-09-06,47770,215.0,215.0,208.0,210.0,0,0,23200.0,4862000.0,1.0,215.0,215.0,208.0,210.0,23200.0
2024-09-09,47770,209.0,212.0,200.0,210.0,0,0,28600.0,5942500.0,1.0,209.0,212.0,200.0,210.0,28600.0
2024-09-10,47770,208.0,211.0,208.0,208.0,0,0,18100.0,3798900.0,1.0,208.0,211.0,208.0,208.0,18100.0
2024-09-11,47770,206.0,210.0,205.0,207.0,0,0,35000.0,7249700.0,1.0,206.0,210.0,205.0,207.0,35000.0
2024-09-12,47770,208.0,214.0,206.0,212.0,0,0,34600.0,7259600.0,1.0,208.0,214.0,206.0,212.0,34600.0
2024-09-13,47770,212.0,212.0,208.0,210.0,0,0,8900.0,1866600.0,1.0,212.0,212.0,208.0,210.0,8900.0
2024-09-17,47770,210.0,211.0,204.0,205.0,0,0,46100.0,9517400.0,1.0,210.0,211.0,204.0,205.0,46100.0
2024-09-18,47770,208.0,208.0,203.0,203.0,0,0,42000.0,8612100.0,1.0,208.0,208.0,203.0,203.0,42000.0
2024-09-19,47770,205.0,211.0,205.0,208.0,0,0,41300.0,8579700.0,1.0,205.0,211.0,205.0,208.0,41300.0
2024-09-20,47770,208.0,211.0,208.0,211.0,0,0,19400.0,4060700.0,1.0,208.0,211.0,208.0,211.0,19400.0
2024-09-24,47770,212.0,212.0,209.0,211.0,0,0,5100.0,1076300.0,1.0,212.0,212.0,209.0,211.0,5100.0
2024-09-25,47770,210.0,211.0,207.0,207.0,0,0,12300.0,2573000.0,1.0,210.0,211.0,207.0,207.0,12300.0
2024-09-26,47770,207.0,209.0,206.0,209.0,0,0,7600.0,1580200.0,1.0,207.0,209.0,206.0,209.0,7600.0
2024-09-27,47770,210.0,212.0,206.0,208.0,0,0,37100.0,7765800.0,1.0,210.0,212.0,206.0,208.0,37100.0
2024-09-30,47770,206.0,206.0,202.0,204.0,0,0,29000.0,5937200.0,1.0,206.0,206.0,202.0,204.0,29000.0
2024-10-01,47770,205.0,206.0,204.0,206.0,0,0,6300.0,1293000.0,1.0,205.0,206.0,204.0,206.0,6300.0
2024-10-02,47770,204.0,205.0,198.0,201.0,0,0,46400.0,9361200.0,1.0,204.0,205.0,198.0,201.0,46400.0
2024-10-03,47770,203.0,208.0,202.0,204.0,0,0,35700.0,7305400.0,1.0,203.0,208.0,202.0,204.0,35700.0
2024-10-04,47770,202.0,206.0,202.0,204.0,0,0,13300.0,2707300.0,1.0,202.0,206.0,202.0,204.0,13300.0
2024-10-07,47770,205.0,205.0,202.0,204.0,0,0,12500.0,2540400.0,1.0,205.0,205.0,202.0,204.0,12500.0
2024-10-08,47770,202.0,203.0,200.0,200.0,0,0,32400.0,6529900.0,1.0,202.0,203.0,200.0,200.0,32400.0
2024-10-09,47770,202.0,202.0,198.0,201.0,0,0,28400.0,5668100.0,1.0,202.0,202.0,198.0,201.0,28400.0
2024-10-10,47770,200.0,202.0,200.0,201.0,0,0,23800.0,4767200.0,1.0,200.0,202.0,200.0,201.0,23800.0
2024-10-11,47770,200.0,202.0,199.0,200.0,0,0,24700.0,4949500.0,1.0,200.0,202.0,199.0,200.0,24700.0
2024-10-15,47770,200.0,201.0,198.0,200.0,0,0,18100.0,3619100.0,1.0,200.0,201.0,198.0,200.0,18100.0
2024-10-16,47770,198.0,201.0,198.0,200.0,0,0,33300.0,6621900.0,1.0,198.0,201.0,198.0,200.0,33300.0
2024-10-17,47770,199.0,200.0,199.0,199.0,0,0,5000.0,996700.0,1.0,199.0,200.0,199.0,199.0,5000.0
2024-10-18,47770,199.0,204.0,199.0,203.0,0,0,27400.0,5540300.0,1.0,199.0,204.0,199.0,203.0,27400.0
2024-10-21,47770,203.0,203.0,199.0,200.0,0,0,34200.0,6867500.0,1.0,203.0,203.0,199.0,200.0,34200.0
2024-10-22,47770,199.0,200.0,198.0,198.0,0,0,17300.0,3433100.0,1.0,199.0,200.0,198.0,198.0,17300.0
2024-10-23,47770,199.0,200.0,197.0,199.0,0,0,7700.0,1528100.0,1.0,199.0,200.0,197.0,199.0,7700.0
2024-10-24,47770,198.0,199.0,197.0,198.0,0,0,7100.0,1407500.0,1.0,198.0,199.0,197.0,198.0,7100.0
2024-10-25,47770,198.0,199.0,193.0,195.0,0,0,37000.0,7230300.0,1.0,198.0,199.0,193.0,195.0,37000.0
2024-10-28,47770,195.0,198.0,195.0,198.0,0,0,15400.0,3034500.0,1.0,195.0,198.0,195.0,198.0,15400.0
2024-10-29,47770,198.0,198.0,194.0,198.0,0,0,15500.0,3045000.0,1.0,198.0,198.0,194.0,198.0,15500.0
2024-10-30,47770,198.0,199.0,196.0,198.0,0,0,12600.0,2488500.0,1.0,198.0,199.0,196.0,198.0,12600.0
2024-10-31,47770,235.0,248.0,235.0,248.0,1,0,372400.0,90992200.0,1.0,235.0,248.0,235.0,248.0,372400.0
2024-11-01,47770,248.0,254.0,217.0,223.0,0,0,1506300.0,349273900.0,1.0,248.0,254.0,217.0,223.0,1506300.0
2024-11-05,47770,220.0,226.0,213.0,215.0,0,0,240200.0,52389400.0,1.0,220.0,226.0,213.0,215.0,240200.0
2024-11-06,47770,214.0,218.0,210.0,211.0,0,0,121400.0,25818600.0,1.0,214.0,218.0,210.0,211.0,121400.0
2024-11-07,47770,212.0,215.0,209.0,212.0,0,0,74400.0,15706800.0,1.0,212.0,215.0,209.0,212.0,74400.0
2024-11-08,47770,214.0,218.0,212.0,215.0,0,0,76100.0,16333700.0,1.0,214.0,218.0,212.0,215.0,76100.0
2024-11-11,47770,216.0,220.0,213.0,216.0,0,0,80300.0,17371600.0,1.0,216.0,220.0,213.0,216.0,80300.0
2024-11-12,47770,220.0,220.0,211.0,212.0,0,0,38000.0,8151900.0,1.0,220.0,220.0,211.0,212.0,38000.0
2024-11-13,47770,220.0,223.0,211.0,211.0,0,0,64900.0,13891100.0,1.0,220.0,223.0,211.0,211.0,64900.0
2024-11-14,47770,213.0,225.0,209.0,213.0,0,0,125200.0,27123600.0,1.0,213.0,225.0,209.0,213.0,125200.0
2024-11-15,47770,213.0,222.0,213.0,217.0,0,0,62400.0,13632100.0,1.0,213.0,222.0,213.0,217.0,62400.0
2024-11-18,47770,220.0,220.0,214.0,215.0,0,0,26800.0,5774000.0,1.0,220.0,220.0,214.0,215.0,26800.0
2024-11-19,47770,215.0,217.0,213.0,214.0,0,0,30100.0,6468900.0,1.0,215.0,217.0,213.0,214.0,30100.0
2024-11-20,47770,214.0,215.0,213.0,214.0,0,0,9000.0,1925800.0,1.0,214.0,215.0,213.0,214.0,9000.0
2024-11-21,47770,214.0,220.0,213.0,214.0,0,0,61300.0,13256800.0,1.0,214.0,220.0,213.0,214.0,61300.0
2024-11-22,47770,214.0,216.0,213.0,215.0,0,0,33700.0,7202500.0,1.0,214.0,216.0,213.0,215.0,33700.0
2024-11-25,47770,216.0,217.0,212.0,213.0,0,0,24300.0,5203100.0,1.0,216.0,217.0,212.0,213.0,24300.0
2024-11-26,47770,215.0,215.0,212.0,212.0,0,0,27100.0,5769500.0,1.0,215.0,215.0,212.0,212.0,27100.0
2024-11-27,47770,213.0,264.0,213.0,226.0,0,0,1517400.0,363767500.0,1.0,213.0,264.0,213.0,226.0,1517400.0
2024-11-28,47770,224.0,230.0,221.0,226.0,0,0,170000.0,38189000.0,1.0,224.0,230.0,221.0,226.0,170000.0
2024-11-29,47770,222.0,225.0,220.0,220.0,0,0,97100.0,21560600.0,1.0,222.0,225.0,220.0,220.0,97100.0
2024-12-02,47770,226.0,228.0,221.0,221.0,0,0,60900.0,13672500.0,1.0,226.0,228.0,221.0,221.0,60900.0
2024-12-03,47770,224.0,224.0,219.0,219.0,0,0,63200.0,13946500.0,1.0,224.0,224.0,219.0,219.0,63200.0
2024-12-04,47770,221.0,221.0,218.0,219.0,0,0,24100.0,5287600.0,1.0,221.0,221.0,218.0,219.0,24100.0
2024-12-05,47770,220.0,221.0,212.0,213.0,0,0,119000.0,25689800.0,1.0,220.0,221.0,212.0,213.0,119000.0
2024-12-06,47770,220.0,260.0,218.0,239.0,0,0,2494100.0,601613800.0,1.0,220.0,260.0,218.0,239.0,2494100.0
2024-12-09,47770,245.0,245.0,230.0,236.0,0,0,354700.0,84700400.0,1.0,245.0,245.0,230.0,236.0,354700.0
2024-12-10,47770,235.0,240.0,231.0,237.0,0,0,111700.0,26258800.0,1.0,235.0,240.0,231.0,237.0,111700.0
2024-12-11,47770,235.0,238.0,234.0,238.0,0,0,58600.0,13856300.0,1.0,235.0,238.0,234.0,238.0,58600.0
2024-12-12,47770,238.0,238.0,229.0,230.0,0,0,98100.0,22686500.0,1.0,238.0,238.0,229.0,230.0,98100.0
2024-12-13,47770,235.0,235.0,227.0,227.0,0,0,67400.0,15420200.0,1.0,235.0,235.0,227.0,227.0,67400.0
2024-12-16,47770,228.0,228.0,221.0,221.0,0,0,59800.0,13359100.0,1.0,228.0,228.0,221.0,221.0,59800.0
2024-12-17,47770,219.0,221.0,213.0,214.0,0,0,107300.0,23217600.0,1.0,219.0,221.0,213.0,214.0,107300.0
2024-12-18,47770,214.0,218.0,211.0,216.0,0,0,51700.0,11084700.0,1.0,214.0,218.0,211.0,216.0,51700.0
2024-12-19,47770,213.0,225.0,213.0,224.0,0,0,114500.0,25252300.0,1.0,213.0,225.0,213.0,224.0,114500.0
2024-12-20,47770,220.0,228.0,220.0,228.0,0,0,100500.0,22462800.0,1.0,220.0,228.0,220.0,228.0,100500.0
2024-12-23,47770,229.0,249.0,229.0,241.0,0,0,380500.0,91323200.0,1.0,229.0,249.0,229.0,241.0,380500.0
2024-12-24,47770,240.0,240.0,226.0,226.0,0,0,138800.0,32231100.0,1.0,240.0,240.0,226.0,226.0,138800.0
2024-12-25,47770,260.0,262.0,215.0,238.0,0,0,1348500.0,320053200.0,1.0,260.0,262.0,215.0,238.0,1348500.0
2024-12-26,47770,235.0,245.0,235.0,240.0,0,0,447800.0,107189100.0,1.0,235.0,245.0,235.0,240.0,447800.0
2024-12-27,47770,240.0,262.0,240.0,249.0,0,0,457000.0,115934600.0,1.0,240.0,262.0,240.0,249.0,457000.0
2024-12-30,47770,241.0,253.0,241.0,247.0,0,0,142900.0,35301600.0,1.0,241.0,253.0,241.0,247.0,142900.0
2025-01-06,47770,245.0,248.0,236.0,236.0,0,0,181600.0,43487000.0,1.0,245.0,248.0,236.0,236.0,181600.0
2025-01-07,47770,238.0,246.0,238.0,240.0,0,0,73600.0,17864300.0,1.0,238.0,246.0,238.0,240.0,73600.0
2025-01-08,47770,238.0,248.0,237.0,243.0,0,0,124200.0,29821200.0,1.0,238.0,248.0,237.0,243.0,124200.0
2025-01-09,47770,244.0,251.0,243.0,243.0,0,0,129000.0,31813300.0,1.0,244.0,251.0,243.0,243.0,129000.0
2025-01-10,47770,243.0,243.0,235.0,239.0,0,0,87000.0,20679900.0,1.0,243.0,243.0,235.0,239.0,87000.0
2025-01-14,47770,242.0,246.0,235.0,236.0,0,0,94200.0,22596500.0,1.0,242.0,246.0,235.0,236.0,94200.0
2025-01-15,47770,237.0,238.0,231.0,233.0,0,0,62000.0,14511400.0,1.0,237.0,238.0,231.0,233.0,62000.0
2025-01-16,47770,232.0,233.0,228.0,230.0,0,0,36300.0,8353500.0,1.0,232.0,233.0,228.0,230.0,36300.0
2025-01-17,47770,231.0,235.0,225.0,233.0,0,0,66500.0,15277100.0,1.0,231.0,235.0,225.0,233.0,66500.0
2025-01-20,47770,233.0,234.0,230.0,232.0,0,0,18900.0,4386400.0,1.0,233.0,234.0,230.0,232.0,18900.0
2025-01-21,47770,234.0,249.0,231.0,236.0,0,0,111900.0,26757700.0,1.0,234.0,249.0,231.0,236.0,111900.0
2025-01-22,47770,236.0,238.0,231.0,235.0,0,0,56600.0,13334900.0,1.0,236.0,238.0,231.0,235.0,56600.0
2025-01-23,47770,232.0,234.0,228.0,233.0,0,0,83300.0,19247500.0,1.0,232.0,234.0,228.0,233.0,83300.0
2025-01-24,47770,235.0,244.0,234.0,238.0,0,0,152400.0,36544000.0,1.0,235.0,244.0,234.0,238.0,152400.0
2025-01-27,47770,242.0,252.0,238.0,246.0,0,0,184700.0,45225900.0,1.0,242.0,252.0,238.0,246.0,184700.0
2025-01-28,47770,246.0,280.0,246.0,266.0,0,0,1657800.0,445272400.0,1.0,246.0,280.0,246.0,266.0,1657800.0
2025-01-29,47770,258.0,267.0,248.0,251.0,0,0,375100.0,95964200.0,1.0,258.0,267.0,248.0,251.0,375100.0
2025-01-30,47770,251.0,254.0,244.0,246.0,0,0,92900.0,22979600.0,1.0,251.0,254.0,244.0,246.0,92900.0
2025-01-31,47770,245.0,248.0,242.0,245.0,0,0,37200.0,9083700.0,1.0,245.0,248.0,242.0,245.0,37200.0
2025-02-03,47770,244.0,244.0,238.0,239.0,0,0,60100.0,14442200.0,1.0,244.0,244.0,238.0,239.0,60100.0
2025-02-04,47770,237.0,243.0,237.0,241.0,0,0,66800.0,16009200.0,1.0,237.0,243.0,237.0,241.0,66800.0
2025-02-05,47770,240.0,245.0,240.0,241.0,0,0,50000.0,12074700.0,1.0,240.0,245.0,240.0,241.0,50000.0
2025-02-06,47770,241.0,257.0,241.0,257.0,0,0,179700.0,45073500.0,1.0,241.0,257.0,241.0,257.0,179700.0
2025-02-07,47770,258.0,263.0,252.0,252.0,0,0,143200.0,36631800.0,1.0,258.0,263.0,252.0,252.0,143200.0
2025-02-10,47770,253.0,258.0,253.0,258.0,0,0,43200.0,11057800.0,1.0,253.0,258.0,253.0,258.0,43200.0
2025-02-12,47770,256.0,263.0,256.0,260.0,0,0,118800.0,30792500.0,1.0,256.0,263.0,256.0,260.0,118800.0
2025-02-13,47770,258.0,263.0,256.0,259.0,0,0,83800.0,21715800.0,1.0,258.0,263.0,256.0,259.0,83800.0
2025-02-14,47770,263.0,264.0,255.0,258.0,0,0,130500.0,33877700.0,1.0,263.0,264.0,255.0,258.0,130500.0
2025-02-17,47770,247.0,254.0,240.0,253.0,0,0,131000.0,32275100.0,1.0,247.0,254.0,240.0,253.0,131000.0
2025-02-18,47770,252.0,253.0,248.0,248.0,0,0,58800.0,14713400.0,1.0,252.0,253.0,248.0,248.0,58800.0
2025-02-19,47770,251.0,253.0,248.0,248.0,0,0,24400.0,6115500.0,1.0,251.0,253.0,248.0,248.0,24400.0
2025-02-20,47770,246.0,250.0,245.0,249.0,0,0,28400.0,7026900.0,1.0,246.0,250.0,245.0,249.0,28400.0
2025-02-21,47770,247.0,247.0,241.0,241.0,0,0,44800.0,10879800.0,1.0,247.0,247.0,241.0,241.0,44800.0
2025-02-25,47770,240.0,240.0,236.0,236.0,0,0,56600.0,13461800.0,1.0,240.0,240.0,236.0,236.0,56600.0
2025-02-26,47770,235.0,237.0,232.0,236.0,0,0,60400.0,14142300.0,1.0,235.0,237.0,232.0,236.0,60400.0
2025-02-27,47770,236.0,236.0,232.0,232.0,0,0,25500.0,5943800.0,1.0,236.0,236.0,232.0,232.0,25500.0
2025-02-28,47770,231.0,233.0,222.0,228.0,0,0,106800.0,24297400.0,1.0,231.0,233.0,222.0,228.0,106800.0
2025-03-03,47770,236.0,236.0,232.0,234.0,0,0,17500.0,4093400.0,1.0,236.0,236.0,232.0,234.0,17500.0
2025-03-04,47770,232.0,233.0,227.0,229.0,0,0,34100.0,7851000.0,1.0,232.0,233.0,227.0,229.0,34100.0
2025-03-05,47770,232.0,239.0,230.0,235.0,0,0,47200.0,11118200.0,1.0,232.0,239.0,230.0,235.0,47200.0
2025-03-06,47770,238.0,238.0,235.0,238.0,0,0,32000.0,7563200.0,1.0,238.0,238.0,235.0,238.0,32000.0
2025-03-07,47770,235.0,235.0,232.0,232.0,0,0,15700.0,3654900.0,1.0,235.0,235.0,232.0,232.0,15700.0
2025-03-10,47770,234.0,236.0,230.0,235.0,0,0,30700.0,7129900.0,1.0,234.0,236.0,230.0,235.0,30700.0
2025-03-11,47770,238.0,239.0,229.0,237.0,0,0,41700.0,9739300.0,1.0,238.0,239.0,229.0,237.0,41700.0
2025-03-12,47770,239.0,239.0,230.0,233.0,0,0,27800.0,6500100.0,1.0,239.0,239.0,230.0,233.0,27800.0
2025-03-13,47770,234.0,235.0,229.0,229.0,0,0,30000.0,6920400.0,1.0,234.0,235.0,229.0,229.0,30000.0
2025-03-14,47770,229.0,232.0,229.0,232.0,0,0,10300.0,2376800.0,1.0,229.0,232.0,229.0,232.0,10300.0
2025-03-17,47770,232.0,233.0,228.0,230.0,0,0,20900.0,4812800.0,1.0,232.0,233.0,228.0,230.0,20900.0
2025-03-18,47770,231.0,231.0,228.0,229.0,0,0,31400.0,7206500.0,1.0,231.0,231.0,228.0,229.0,31400.0
2025-03-19,47770,228.0,235.0,228.0,231.0,0,0,55700.0,12839300.0,1.0,228.0,235.0,228.0,231.0,55700.0
2025-03-21,47770,231.0,239.0,230.0,238.0,0,0,65900.0,15482900.0,1.0,231.0,239.0,230.0,238.0,65900.0
2025-03-24,47770,236.0,244.0,236.0,240.0,0,0,60400.0,14599900.0,1.0,236.0,244.0,236.0,240.0,60400.0
2025-03-25,47770,240.0,244.0,238.0,240.0,0,0,34800.0,8390000.0,1.0,240.0,244.0,238.0,240.0,34800.0
2025-03-26,47770,240.0,242.0,237.0,241.0,0,0,35000.0,8389600.0,1.0,240.0,242.0,237.0,241.0,35000.0
2025-03-27,47770,240.0,241.0,235.0,235.0,0,0,35700.0,8524700.0,1.0,240.0,241.0,235.0,235.0,35700.0
2025-03-28,47770,233.0,236.0,233.0,236.0,0,0,27000.0,6323400.0,1.0,233.0,236.0,233.0,236.0,27000.0
2025-03-31,47770,232.0,233.0,225.0,228.0,0,0,62100.0,14182300.0,1.0,232.0,233.0,225.0,228.0,62100.0
2025-04-01,47770,227.0,238.0,218.0,222.0,0,0,106400.0,23742900.0,1.0,227.0,238.0,218.0,222.0,106400.0
2025-04-02,47770,222.0,222.0,216.0,216.0,0,0,39500.0,8615000.0,1.0,222.0,222.0,216.0,216.0,39500.0
2025-04-03,47770,214.0,216.0,210.0,212.0,0,0,94700.0,20106200.0,1.0,214.0,216.0,210.0,212.0,94700.0
2025-04-04,47770,210.0,214.0,195.0,203.0,0,0,247500.0,49527500.0,1.0,210.0,214.0,195.0,203.0,247500.0
2025-04-07,47770,178.0,191.0,175.0,175.0,0,0,223400.0,40844500.0,1.0,178.0,191.0,175.0,175.0,223400.0
2025-04-08,47770,194.0,201.0,193.0,198.0,0,0,97700.0,19196500.0,1.0,194.0,201.0,193.0,198.0,97700.0
2025-04-09,47770,199.0,199.0,187.0,191.0,0,0,78200.0,14964300.0,1.0,199.0,199.0,187.0,191.0,78200.0
2025-04-10,47770,203.0,211.0,203.0,205.0,0,0,145400.0,30161600.0,1.0,203.0,211.0,203.0,205.0,145400.0
2025-04-11,47770,207.0,212.0,199.0,211.0,0,0,66700.0,13765300.0,1.0,207.0,212.0,199.0,211.0,66700.0
2025-04-14,47770,210.0,225.0,199.0,214.0,0,0,599200.0,128178300.0,1.0,210.0,225.0,199.0,214.0,599200.0
2025-04-15,47770,214.0,215.0,212.0,215.0,0,0,32700.0,6995200.0,1.0,214.0,215.0,212.0,215.0,32700.0
2025-04-16,47770,215.0,216.0,210.0,210.0,0,0,53200.0,11340000.0,1.0,215.0,216.0,210.0,210.0,53200.0
2025-04-17,47770,209.0,213.0,209.0,212.0,0,0,24000.0,5080200.0,1.0,209.0,213.0,209.0,212.0,24000.0
2025-04-18,47770,213.0,217.0,212.0,215.0,0,0,83900.0,18029200.0,1.0,213.0,217.0,212.0,215.0,83900.0
2025-04-21,47770,223.0,232.0,222.0,225.0,0,0,208700.0,47296700.0,1.0,223.0,232.0,222.0,225.0,208700.0
2025-04-22,47770,223.0,223.0,218.0,222.0,0,0,49500.0,10925400.0,1.0,223.0,223.0,218.0,222.0,49500.0
2025-04-23,47770,223.0,224.0,220.0,224.0,0,0,35100.0,7773400.0,1.0,223.0,224.0,220.0,224.0,35100.0
2025-04-24,47770,221.0,236.0,215.0,220.0,0,0,313500.0,70047000.0,1.0,221.0,236.0,215.0,220.0,313500.0
2025-04-25,47770,218.0,227.0,211.0,218.0,0,0,232900.0,51029800.0,1.0,218.0,227.0,211.0,218.0,232900.0
2025-04-28,47770,226.0,233.0,218.0,220.0,0,0,146400.0,32734100.0,1.0,226.0,233.0,218.0,220.0,146400.0
2025-04-30,47770,221.0,222.0,216.0,221.0,0,0,36100.0,7934600.0,1.0,221.0,222.0,216.0,221.0,36100.0
2025-05-01,47770,219.0,223.0,218.0,219.0,0,0,21800.0,4800000.0,1.0,219.0,223.0,218.0,219.0,21800.0
2025-05-02,47770,218.0,227.0,217.0,223.0,0,0,525400.0,116510800.0,1.0,218.0,227.0,217.0,223.0,525400.0
2025-05-07,47770,222.0,223.0,219.0,220.0,0,0,53100.0,11714700.0,1.0,222.0,223.0,219.0,220.0,53100.0
2025-05-08,47770,221.0,235.0,217.0,219.0,0,0,1021200.0,230218800.0,1.0,221.0,235.0,217.0,219.0,1021200.0
2025-05-09,47770,220.0,223.0,219.0,221.0,0,0,47800.0,10559300.0,1.0,220.0,223.0,219.0,221.0,47800.0
2025-05-12,47770,218.0,224.0,217.0,220.0,0,0,54400.0,11970400.0,1.0,218.0,224.0,217.0,220.0,54400.0
2025-05-13,47770,221.0,222.0,219.0,221.0,0,0,32800.0,7238900.0,1.0,221.0,222.0,219.0,221.0,32800.0
2025-05-14,47770,221.0,221.0,217.0,218.0,0,0,28200.0,6163400.0,1.0,221.0,221.0,217.0,218.0,28200.0
2025-05-15,47770,218.0,221.0,218.0,218.0,0,0,27800.0,6100900.0,1.0,218.0,221.0,218.0,218.0,27800.0
2025-05-16,47770,220.0,221.0,217.0,218.0,0,0,25000.0,5485600.0,1.0,220.0,221.0,217.0,218.0,25000.0
2025-05-19,47770,218.0,221.0,218.0,219.0,0,0,15100.0,3311200.0,1.0,218.0,221.0,218.0,219.0,15100.0
2025-05-20,47770,219.0,221.0,219.0,221.0,0,0,32000.0,7042900.0,1.0,219.0,221.0,219.0,221.0,32000.0
2025-05-21,47770,220.0,223.0,219.0,221.0,0,0,31300.0,6912700.0,1.0,220.0,223.0,219.0,221.0,31300.0
2025-05-22,47770,220.0,223.0,219.0,223.0,0,0,50800.0,11260200.0,1.0,220.0,223.0,219.0,223.0,50800.0
2025-05-23,47770,220.0,221.0,218.0,218.0,0,0,24600.0,5392100.0,1.0,220.0,221.0,218.0,218.0,24600.0
2025-05-26,47770,218.0,220.0,216.0,219.0,0,0,19400.0,4239000.0,1.0,218.0,220.0,216.0,219.0,19400.0
2025-05-27,47770,219.0,219.0,216.0,217.0,0,0,38100.0,8296500.0,1.0,219.0,219.0,216.0,217.0,38100.0
2025-05-28,47770,218.0,226.0,218.0,225.0,0,0,52700.0,11687900.0,1.0,218.0,226.0,218.0,225.0,52700.0
2025-05-29,47770,225.0,225.0,222.0,224.0,0,0,19100.0,4265300.0,1.0,225.0,225.0,222.0,224.0,19100.0
2025-05-30,47770,222.0,238.0,222.0,233.0,0,0,194400.0,45160900.0,1.0,222.0,238.0,222.0,233.0,194400.0
2025-06-02,47770,231.0,232.0,228.0,230.0,0,0,28600.0,6571900.0,1.0,231.0,232.0,228.0,230.0,28600.0
2025-06-03,47770,230.0,233.0,228.0,228.0,0,0,31000.0,7153600.0,1.0,230.0,233.0,228.0,228.0,31000.0
2025-06-04,47770,227.0,232.0,226.0,231.0,0,0,33600.0,7719900.0,1.0,227.0,232.0,226.0,231.0,33600.0
2025-06-05,47770,230.0,231.0,227.0,229.0,0,0,19100.0,4352700.0,1.0,230.0,231.0,227.0,229.0,19100.0
2025-06-06,47770,228.0,228.0,224.0,227.0,0,0,27000.0,6094700.0,1.0,228.0,228.0,224.0,227.0,27000.0
2025-06-09,47770,229.0,231.0,226.0,227.0,0,0,45300.0,10354200.0,1.0,229.0,231.0,226.0,227.0,45300.0
2025-06-10,47770,226.0,232.0,226.0,229.0,0,0,39800.0,9134100.0,1.0,226.0,232.0,226.0,229.0,39800.0
2025-06-11,47770,228.0,230.0,226.0,227.0,0,0,23600.0,5375700.0,1.0,228.0,230.0,226.0,227.0,23600.0
2025-06-12,47770,228.0,232.0,226.0,232.0,0,0,18700.0,4277900.0,1.0,228.0,232.0,226.0,232.0,18700.0
2025-06-13,47770,229.0,230.0,217.0,222.0,0,0,111300.0,24773900.0,1.0,229.0,230.0,217.0,222.0,111300.0
2025-06-16,47770,222.0,230.0,222.0,229.0,0,0,23500.0,5340800.0,1.0,222.0,230.0,222.0,229.0,23500.0
2025-06-17,47770,230.0,252.0,230.0,248.0,0,0,369700.0,90722800.0,1.0,230.0,252.0,230.0,248.0,369700.0
2025-06-18,47770,248.0,250.0,241.0,243.0,0,0,103000.0,25339000.0,1.0,248.0,250.0,241.0,243.0,103000.0
2025-06-19,47770,241.0,243.0,235.0,238.0,0,0,75600.0,18101600.0,1.0,241.0,243.0,235.0,238.0,75600.0
2025-06-20,47770,242.0,242.0,231.0,232.0,0,0,52800.0,12374000.0,1.0,242.0,242.0,231.0,232.0,52800.0
2025-06-23,47770,230.0,232.0,228.0,230.0,0,0,51600.0,11870000.0,1.0,230.0,232.0,228.0,230.0,51600.0
2025-06-24,47770,232.0,233.0,228.0,229.0,0,0,45700.0,10509700.0,1.0,232.0,233.0,228.0,229.0,45700.0
2025-06-25,47770,229.0,230.0,224.0,226.0,0,0,39300.0,8909700.0,1.0,229.0,230.0,224.0,226.0,39300.0
2025-06-26,47770,229.0,294.0,229.0,239.0,0,0,1507500.0,380798700.0,1.0,229.0,294.0,229.0,239.0,1507500.0
2025-06-27,47770,240.0,242.0,234.0,239.0,0,0,150400.0,35783800.0,1.0,240.0,242.0,234.0,239.0,150400.0
2025-06-30,47770,253.0,294.0,247.0,267.0,0,0,2301200.0,631570600.0,1.0,253.0,294.0,247.0,267.0,2301200.0
2025-07-01,47770,270.0,275.0,251.0,260.0,0,0,578700.0,152663800.0,1.0,270.0,275.0,251.0,260.0,578700.0
2025-07-02,47770,252.0,257.0,243.0,249.0,0,0,338400.0,83939800.0,1.0,252.0,257.0,243.0,249.0,338400.0
2025-07-03,47770,254.0,256.0,247.0,254.0,0,0,141700.0,35681300.0,1.0,254.0,256.0,247.0,254.0,141700.0
2025-07-04,47770,251.0,254.0,246.0,252.0,0,0,117700.0,29375200.0,1.0,251.0,254.0,246.0,252.0,117700.0
2025-07-07,47770,251.0,251.0,245.0,246.0,0,0,53000.0,13110700.0,1.0,251.0,251.0,245.0,246.0,53000.0
2025-07-08,47770,244.0,247.0,242.0,242.0,0,0,66500.0,16256300.0,1.0,244.0,247.0,242.0,242.0,66500.0
2025-07-09,47770,243.0,248.0,239.0,247.0,0,0,105700.0,25635500.0,1.0,243.0,248.0,239.0,247.0,105700.0
2025-07-10,47770,250.0,252.0,242.0,243.0,0,0,93500.0,22928000.0,1.0,250.0,252.0,242.0,243.0,93500.0
2025-07-11,47770,243.0,245.0,241.0,244.0,0,0,42100.0,10229800.0,1.0,243.0,245.0,241.0,244.0,42100.0
2025-07-14,47770,244.0,248.0,243.0,245.0,0,0,76900.0,18902400.0,1.0,244.0,248.0,243.0,245.0,76900.0
2025-07-15,47770,247.0,247.0,235.0,236.0,0,0,107700.0,25765200.0,1.0,247.0,247.0,235.0,236.0,107700.0
2025-07-16,47770,235.0,240.0,231.0,238.0,0,0,63000.0,14872500.0,1.0,235.0,240.0,231.0,238.0,63000.0
2025-07-17,47770,238.0,242.0,238.0,241.0,0,0,34200.0,8223600.0,1.0,238.0,242.0,238.0,241.0,34200.0
2025-07-18,47770,240.0,240.0,232.0,232.0,0,0,41000.0,9652500.0,1.0,240.0,240.0,232.0,232.0,41000.0
2025-07-22,47770,232.0,236.0,229.0,231.0,0,0,30000.0,6953300.0,1.0,232.0,236.0,229.0,231.0,30000.0
2025-07-23,47770,230.0,242.0,229.0,231.0,0,0,96500.0,22595800.0,1.0,230.0,242.0,229.0,231.0,96500.0
2025-07-24,47770,234.0,237.0,232.0,232.0,0,0,31200.0,7287000.0,1.0,234.0,237.0,232.0,232.0,31200.0
2025-07-25,47770,231.0,235.0,230.0,231.0,0,0,31600.0,7331200.0,1.0,231.0,235.0,230.0,231.0,31600.0
2025-07-28,47770,230.0,234.0,228.0,232.0,0,0,47200.0,10910800.0,1.0,230.0,234.0,228.0,232.0,47200.0
2025-07-29,47770,238.0,244.0,233.0,233.0,0,0,96700.0,22855600.0,1.0,238.0,244.0,233.0,233.0,96700.0
2025-07-30,47770,233.0,234.0,232.0,232.0,0,0,29000.0,6766300.0,1.0,233.0,234.0,232.0,232.0,29000.0
2025-07-31,47770,233.0,240.0,233.0,235.0,0,0,50600.0,11971300.0,1.0,233.0,240.0,233.0,235.0,50600.0
2025-08-01,47770,235.0,236.0,232.0,234.0,0,0,62100.0,14560700.0,1.0,235.0,236.0,232.0,234.0,62100.0
2025-08-04,47770,234.0,242.0,232.0,236.0,0,0,51900.0,12308000.0,1.0,234.0,242.0,232.0,236.0,51900.0
2025-08-05,47770,237.0,243.0,235.0,241.0,0,0,38500.0,9224200.0,1.0,237.0,243.0,235.0,241.0,38500.0
2025-08-06,47770,241.0,243.0,239.0,241.0,0,0,24600.0,5898100.0,1.0,241.0,243.0,239.0,241.0,24600.0
2025-08-07,47770,242.0,242.0,237.0,239.0,0,0,42700.0,10229200.0,1.0,242.0,242.0,237.0,239.0,42700.0
2025-08-08,47770,239.0,241.0,236.0,239.0,0,0,96300.0,22961400.0,1.0,239.0,241.0,236.0,239.0,96300.0
2025-08-12,47770,231.0,232.0,222.0,225.0,0,0,162200.0,36735700.0,1.0,231.0,232.0,222.0,225.0,162200.0
2025-08-13,47770,227.0,227.0,222.0,223.0,0,0,54200.0,12185500.0,1.0,227.0,227.0,222.0,223.0,54200.0
2025-08-14,47770,223.0,227.0,222.0,226.0,0,0,47600.0,10690800.0,1.0,223.0,227.0,222.0,226.0,47600.0
2025-08-15,47770,225.0,228.0,223.0,228.0,0,0,47400.0,10704400.0,1.0,225.0,228.0,223.0,228.0,47400.0
2025-08-18,47770,226.0,234.0,226.0,234.0,0,0,47900.0,11057800.0,1.0,226.0,234.0,226.0,234.0,47900.0
2025-08-19,47770,233.0,236.0,229.0,231.0,0,0,71500.0,16617100.0,1.0,233.0,236.0,229.0,231.0,71500.0
2025-08-20,47770,232.0,232.0,229.0,230.0,0,0,28400.0,6536900.0,1.0,232.0,232.0,229.0,230.0,28400.0
2025-08-21,47770,229.0,231.0,226.0,228.0,0,0,23600.0,5396300.0,1.0,229.0,231.0,226.0,228.0,23600.0
2025-08-22,47770,230.0,234.0,227.0,234.0,0,0,57800.0,13352000.0,1.0,230.0,234.0,227.0,234.0,57800.0
2025-08-25,47770,234.0,242.0,232.0,240.0,0,0,81500.0,19402200.0,1.0,234.0,242.0,232.0,240.0,81500.0
2025-08-26,47770,240.0,244.0,239.0,243.0,0,0,69800.0,16849700.0,1.0,240.0,244.0,239.0,243.0,69800.0
2025-08-27,47770,240.0,241.0,236.0,236.0,0,0,66200.0,15754500.0,1.0,240.0,241.0,236.0,236.0,66200.0
2025-08-28,47770,233.0,237.0,233.0,233.0,0,0,42200.0,9900200.0,1.0,233.0,237.0,233.0,233.0,42200.0
2025-08-29,47770,236.0,238.0,233.0,233.0,0,0,27300.0,6407400.0,1.0,236.0,238.0,233.0,233.0,27300.0
2025-09-01,47770,236.0,236.0,230.0,230.0,0,0,34400.0,7989600.0,1.0,236.0,236.0,230.0,230.0,34400.0
2025-09-02,47770,232.0,235.0,230.0,233.0,0,0,15300.0,3548000.0,1.0,232.0,235.0,230.0,233.0,15300.0
2025-09-03,47770,229.0,232.0,225.0,226.0,0,0,74600.0,17032200.0,1.0,229.0,232.0,225.0,226.0,74600.0
2025-09-04,47770,225.0,227.0,222.0,227.0,0,0,65900.0,14772900.0,1.0,225.0,227.0,222.0,227.0,65900.0
2025-09-05,47770,227.0,229.0,225.0,228.0,0,0,57200.0,12986200.0,1.0,227.0,229.0,225.0,228.0,57200.0
2025-09-08,47770,229.0,230.0,227.0,227.0,0,0,19000.0,4335000.0,1.0,229.0,230.0,227.0,227.0,19000.0
2025-09-09,47770,229.0,229.0,225.0,226.0,0,0,29700.0,6756900.0,1.0,229.0,229.0,225.0,226.0,29700.0
2025-09-10,47770,226.0,227.0,224.0,227.0,0,0,14500.0,3270200.0,1.0,226.0,227.0,224.0,227.0,14500.0
2025-09-11,47770,227.0,227.0,224.0,224.0,0,0,23900.0,5385600.0,1.0,227.0,227.0,224.0,224.0,23900.0
2025-09-12,47770,226.0,247.0,226.0,228.0,0,0,366900.0,86300800.0,1.0,226.0,247.0,226.0,228.0,366900.0
2025-09-16,47770,233.0,239.0,229.0,238.0,0,0,101600.0,23868400.0,1.0,233.0,239.0,229.0,238.0,101600.0
2025-09-17,47770,239.0,240.0,233.0,238.0,0,0,45500.0,10750700.0,1.0,239.0,240.0,233.0,238.0,45500.0
2025-09-18,47770,238.0,238.0,233.0,233.0,0,0,76100.0,17804200.0,1.0,238.0,238.0,233.0,233.0,76100.0
2025-09-19,47770,233.0,238.0,227.0,228.0,0,0,118600.0,27463200.0,1.0,233.0,238.0,227.0,228.0,118600.0
2025-09-22,47770,230.0,232.0,226.0,226.0,0,0,76400.0,17522700.0,1.0,230.0,232.0,226.0,226.0,76400.0
2025-09-24,47770,232.0,232.0,224.0,224.0,0,0,64100.0,14496700.0,1.0,232.0,232.0,224.0,224.0,64100.0
2025-09-25,47770,226.0,226.0,222.0,224.0,0,0,30500.0,6827300.0,1.0,226.0,226.0,222.0,224.0,30500.0
2025-09-26,47770,223.0,228.0,223.0,227.0,0,0,34200.0,7730300.0,1.0,223.0,228.0,223.0,227.0,34200.0
2025-09-29,47770,227.0,227.0,222.0,223.0,0,0,75100.0,16782100.0,1.0,227.0,227.0,222.0,223.0,75100.0
2025-09-30,47770,222.0,224.0,221.0,222.0,0,0,44400.0,9883600.0,1.0,222.0,224.0,221.0,222.0,44400.0
2025-10-01,47770,223.0,224.0,221.0,221.0,0,0,63700.0,14150800.0,1.0,223.0,224.0,221.0,221.0,63700.0
2025-10-02,47770,221.0,221.0,218.0,221.0,0,0,62700.0,13764400.0,1.0,221.0,221.0,218.0,221.0,62700.0
2025-10-03,47770,222.0,228.0,221.0,225.0,0,0,64100.0,14498800.0,1.0,222.0,228.0,221.0,225.0,64100.0
2025-10-06,47770,225.0,230.0,224.0,226.0,0,0,49500.0,11225700.0,1.0,225.0,230.0,224.0,226.0,49500.0
2025-10-07,47770,227.0,236.0,225.0,234.0,0,0,125300.0,28998800.0,1.0,227.0,236.0,225.0,234.0,125300.0
2025-10-08,47770,231.0,234.0,230.0,230.0,0,0,37100.0,8587700.0,1.0,231.0,234.0,230.0,230.0,37100.0
2025-10-09,47770,232.0,232.0,228.0,228.0,0,0,26700.0,6103200.0,1.0,232.0,232.0,228.0,228.0,26700.0
2025-10-10,47770,228.0,228.0,224.0,224.0,0,0,37100.0,8363500.0,1.0,228.0,228.0,224.0,224.0,37100.0
2025-10-14,47770,223.0,225.0,220.0,222.0,0,0,85200.0,18928400.0,1.0,223.0,225.0,220.0,222.0,85200.0
2025-10-15,47770,225.0,225.0,222.0,223.0,0,0,20500.0,4583900.0,1.0,225.0,225.0,222.0,223.0,20500.0
2025-10-16,47770,221.0,232.0,221.0,227.0,0,0,89700.0,20357700.0,1.0,221.0,232.0,221.0,227.0,89700.0
2025-10-17,47770,223.0,225.0,220.0,223.0,0,0,82500.0,18345400.0,1.0,223.0,225.0,220.0,223.0,82500.0
2025-10-20,47770,225.0,227.0,223.0,226.0,0,0,21300.0,4801200.0,1.0,225.0,227.0,223.0,226.0,21300.0
2025-10-21,47770,226.0,226.0,223.0,223.0,0,0,26300.0,5897100.0,1.0,226.0,226.0,223.0,223.0,26300.0
2025-10-22,47770,223.0,225.0,223.0,225.0,0,0,8200.0,1838000.0,1.0,223.0,225.0,223.0,225.0,8200.0
2025-10-23,47770,228.0,286.0,227.0,233.0,0,0,4669800.0,1196459200.0,1.0,228.0,286.0,227.0,233.0,4669800.0
2025-10-24,47770,238.0,251.0,233.0,234.0,0,0,842600.0,202920000.0,1.0,238.0,251.0,233.0,234.0,842600.0
2025-10-27,47770,235.0,238.0,231.0,234.0,0,0,182800.0,42845200.0,1.0,235.0,238.0,231.0,234.0,182800.0
2025-10-28,47770,234.0,236.0,231.0,231.0,0,0,134400.0,31341400.0,1.0,234.0,236.0,231.0,231.0,134400.0
2025-10-29,47770,231.0,231.0,224.0,225.0,0,0,126200.0,28620400.0,1.0,231.0,231.0,224.0,225.0,126200.0
